cc,2000,2001,2002,2003,2004,2005,2006,2007,2008,2009,2010,2011,2012,2013,2014,2015,2016,2017,2018,2019,2020,2021,2022,2023
ABW,453.485262593784,463.317688808446,474.284525102931,567.152447132654,549.890123747297,552.028440358162,531.666578379169,521.095127324735,525.226548676262,537.122896182795,535.141809358967,578.576901519863,616.714981430381,675.735471827618,725.614483726536,785.934207153078,683.749856620618,759.902638472904,674.349952630569,646.270797285458,660.38943244152,657.069316705025,650.025204204469,656.654977106607
AFG,8232766.30820726,8409962.91880029,8768665.19755974,8933790.67364765,8907782.07244189,8795659.16813758,8717885.17285589,8483167.98021017,8318097.05003799,8235547.77516758,7553458.48887119,6390769.62574119,6071118.69496828,6026029.39705563,5896925.53271488,5642954.39043317,5495462.53368097,4589184.91870077,3803649.90515338,3942514.08790012,4887018.0634094,3541278.32794806,2812846.32083422,2584138.63626444
AGO,3533170.9,3839856.3,3760622,4213994.5,4193689.5,3857609.6,3665576.7,3191696,3048576,3520055,3853548.1,4286763,4479636,4859026.2,5287088,6012188,6929767,8053864,9352522.5,10257987.6,11518994.3,11388384,11423582,11984577.1
ALB,56196,45893.4,33997.1,25510.2,23544.8,18166.1,12216,8769.6,5984,10367,13234.5,15215.2,18104,27146.7,29794.2,3507.6,4097.8,11427,1467,0,0,0,0,0
AND,327.51713409551,333.788012367375,349.472807970581,426.826068460657,422.137872775702,436.102467882948,426.386067809036,424.028387921108,436.822080087188,446.716072072819,440.70501947209,470.802772805379,490.976975507682,531.403623476088,551.187925138427,589.450655364808,501.416561521787,552.004746815223,489.857984458055,469.460862179059,475.233516803711,472.844274638196,467.775146950879,468.170678122303
ARE,0,0,0,0,0,0,0,0,0,0,0,0,0,0,0,0,0,0,0,0,0,0,0,0
ARG,1849194.2,3083945.6,4717305,2022715.2,1475574.9,1029513.5,838650.8,687484,642073.8,620144.8,309180,295757.6,269420.8,263741.8,262184.1,264843.7,293774.9,185938.2,344105.3,351795.6,509723.2,445365.8,347355,411021.6
ARM,408924,426085,302489.8,227557.2,159653.2,78400.3,59180,45183.6,25590.4,36100,27331.5,34212.5,23920.6,50355.6,41846.4,33545.5,32467.5,23147,39315.6,30251.1,55841,43806,32634,20573
ASM,292.246058115994,288.950816676235,294.555652432347,344.969014235326,327.712295970611,325.696779811315,310.577506181891,296.308993968967,296.414982916306,297.810714715213,293.803346314727,311.977741015613,329.31382503564,360.829620878825,383.738428893841,415.638282629031,358.154686801276,401.457997683799,356.260352333131,341.42608158477,345.624375857244,343.886745191415,340.200106873367,340.487765907129
ATG,423.252911754198,423.462403749655,429.352306935285,514.530055130656,488.791221108708,491.305311918764,473.762297565596,470.007369743878,478.424182952634,494.578508366336,498.416391069626,544.542966136342,580.789836881038,642.932779020452,690.729172008914,755.705968416421,657.702243035071,731.227067209776,655.264576612723,640.173902971444,648.045704732333,650.928481969464,650.025204204469,656.654977106607
AUS,142995,144517.5,169432.5,196970,141630.8,93094.8,88468.2,83784,76834.8,78260.4,77420,87668.1,95852.4,106490,117375,119000,120630,122255,123860,125440,126990,128505,129985,131435
AUT,0,8906.7,18710.5,26977.5,6573.6,12379.5,7456.5,30754.4,39188.6,55242,41209,35532,52811.6,29165.2,18992.6,59017.2,57499.2,27955.2,49886.4,56108.8,57083,56326.4,56454.4,56582.4
AZE,601914.3,504996.8,6621.6,4180.5,0,0,0,0,0,0,0,0,0,0,0,0,0,0,0,0,0,0,0,0
BDI,5044628.1,5081555.6,5086084.5,5284280,5324734.8,5501927.6,5513720,5658919.2,5805884,5965220.3,6084298,6198976.5,6547529.4,6402240,6416940.4,6978155.8,7312075.2,7649342.4,7975287,8318513.6,8736498,8998147.2,9271762.5,9541428.8
BEL,31874.2,30957,31095,30215.1,5240,20039.3,18052.3,16047,12936,11946,15314.6,18723.8,17734.4,15612.8,8975.2,7901.6,6814.8,17143.5,9199.2,9250.4,9296,9335.2,9368.8,9399.2
BEN,3810630,3838564.8,3890956.8,3992368,4032325,4315867.4,4465939.5,4365316.5,4519830.9,4729221.5,4950901.8,5172328.7,5215716.9,5261103.6,5134241.7,5363089.6,5280530.4,4271467.2,2899066.4,2281133.3,2323979.1,2250960,2190663.4,2123804.2
BFA,8608492.8,7945148.8,7731067.7,6921738,7092773.3,7254591,7423407.2,7602016.8,7665242,7971736.5,7697946.5,7499036.6,7239869.9,7047734.4,6964056,7260699.9,6878878.3,6593139,6336441.6,6236514.9,6469478.5,6236279.7,6551329.2,6581694.3
BGD,43843122.4,44000506.7,43917221.5,41969836.1,38421373.3,34380410.7,32475211.2,30899190,30014170.2,29082951.5,27721547.8,26349734.4,25461364.5,24659861.5,23591940,22761581.2,21949634.4,20748420,19664697.6,18907425,17792420,13720000,10549646.1,8764894.8
BGR,234312.1,203801,117203.4,72577.2,57298.2,59927.4,444537.5,37835,93875,97673.6,148840.5,180957.6,168884.1,129334.8,119885.2,245487.6,140500.4,97064.5,61221.9,64298.8,63848,54446.8,49276.8,46199.2
BHR,3345.71349291414,3472.39171074717,3669.4644836911,4548.91344195057,4610.18992636622,4907.53283478406,5048.20048183785,5292.69168537672,5798.2930868716,6301.88744531299,6510.89201386743,7254.90055925397,7783.78131902422,8633.66874684607,9321.35529094858,10368.2858866733,9279.46233985124,10695.9880811469,9968.92807332172,9986.71288635452,10479.8248251,10709.6157788184,10819.5783989548,10992.8907278588
BHS,1501.54009169942,1509.51892160171,1542.67282375585,1841.78372006996,1788.53151360232,1821.69385318193,1768.71257757822,1752.31008502337,1814.8917375051,1887.90720935537,1888.73579773753,2076.0700583948,2227.35896205924,2479.88357622174,2665.23781522632,2924.58209777155,2546.15422798725,2838.88155504972,2544.71680237951,2457.04840854754,2511.94858881961,2517.74224158,2515.05079009953,2535.41782827273
BIH,12427.8,12444.3,12460.8,9072,6805.8,5294.8,3780,2641.8,2258.4,2622.9,2605.4,2581.6,2553.6,2163,2139.6,2121.6,2110.2,2104.2,2101.8,2101.2,2098.8,2095.2,2091,2085
BLR,1354997.6,653592.6,430527.3,341874,125788,85635.8,38300,20981.4,16161.9,13280.4,2841.9,946.8,947.2,0,0,0,0,0,0,0,0,0,0,0
BLZ,44929.3,44242.5,42103.4,43228.3,44794.8,50204.2,53602.2,55100.2,56979.2,63553.6,64970.4,66589.6,67368,63846.4,64654.2,65553.4,67601.4,69600,71084.8,71214,83978,79218,76838.4,77548.2
BMU,322.478408955579,318.842280470328,324.510464544111,380.050608903325,361.038970137114,358.818486232805,342.16165935293,332.070424275566,338.017085781753,340.355102531672,335.775252931116,363.028644090895,377.214017768097,413.313929370291,432.577865298512,468.537700418181,403.738010575984,437.302461762709,388.069312362875,371.910553154839,376.483695130212,368.450084133659,364.500114507179,364.808320614782
BOL,2022450,1616979.1,1703972.6,1385813,916427.4,1424568.6,1159571.6,894157.4,800640,856840.2,677467.7,534187,662463.3,537680,452053.6,496567.5,611905.6,544814.3,366730.5,218496,275901.6,254063.6,238627.2,240700
BRA,24014456,23178730.4,21149727.4,23010980.2,20432022.8,18617032.8,15612391.2,15033824.9,12562932.9,11927635.2,11138653.6,10570095.2,9005188.9,7549818.4,6800292.9,7991325.6,9780456.3,11029477.6,11175951,11447982.7,12339895.1,12077095.8,11525035.2,11267342.9
BRB,1360.45578778135,1350.09778136655,1357.95148239997,1590.3656249493,1516.36367457588,1512.55792658136,1447.60702033932,1415.13088498972,1440.47281171608,1478.41747662195,1463.77024324658,1593.92264046158,1688.4817938191,1856.63241288559,1981.48570556093,2146.20495030263,1855.89246797025,2050.30334531369,1819.47251370135,1749.80866812195,1777.49679012297,1768.56040384156,1749.60054963446,1757.16007762786
BRN,1677.895471597,1693.84961499862,1732.38663379702,2063.96715296729,1999.60044999017,2014.90380730729,1947.68944554745,1915.79090928211,1976.09988610871,2036.81256671297,2035.63747089489,2234.89509018457,2389.02211253128,2657.01811738044,2867.57262318852,3151.29388829647,2754.53513667163,3068.28612515475,2761.01773058176,2676.53660385204,2746.47941529417,2757.23479626688,2758.05086643765,2796.86379137999
BTN,129609.2,162564,120291,83366.4,70080,48150.4,178550.4,40189.5,52715.2,32629.8,15775.9,14449.5,13026.9,8721,9544.8,8274,8538.6,7666.5,980.4,3551.8,4926.5,3798,3667.9,3099.6
BWA,500891.3,539311.5,525456,502233.6,471699.1,435603.2,378696.5,327485.4,295986.6,369281.4,333482.5,317289.7,349280.8,309982.4,294414.4,361556,338100.2,328758.5,316588.1,317403.8,316254.4,316215.9,301766.4,290879.2
CAF,2750913,2732545.7,2716537.1,2828102.4,2779297,2795217.1,2751049.4,2700945,2688686,2578542,2533260.6,2461800,2353733.1,3252600,3248542.5,3189019,3138620.8,3168585.9,3140346.4,3136417.4,3344803.7,3463860.8,3474364,3567065.6
CAN,76840,77562.5,75170.4,75907.2,76680,77491.2,81615,82550,83512.5,81096,85420,79437.4,87250,176280,85452,89872.5,90725,91560,92382.5,93200,94007.5,94810,95605,96392.5
CHE,0,0,0,729.2,1469.6,2223,3740.5,1512,5352.2,3094.8,3916,0,803.2,3253.2,2469,2496,2520.3,0,2563.2,2582.4,2601.3,2619.3,2636.7,2653.8
CHI,745.731320709777,747.286594852332,753.862771479395,888.733731589314,849.830191245822,850.123798151569,821.187982447033,796.969018261359,821.641531592568,840.251659375065,839.438132327791,913.243932791157,963.991378740692,1062.80724695218,1137.26116199448,1239.35778820293,1074.46406040383,1182.86731460405,1056.0574729875,1018.1813504403,1036.87312757173,1031.66023557425,1026.67532252855,1033.62357507521
CHL,889832.9,881909.5,864007.2,835820,643752.2,487639.4,341067.1,290241.6,283254,289458.8,224307.6,159522.9,114239.4,92553.9,84542.4,76376.6,66267,61387,81886.5,106354.6,114532.6,100467,99290.2,99952.7
CHN-R,487192906.2,466386732.8,438600346,393209653.2,337808889.6,270659732,257558552.8,240433084.2,229565875.4,207463385.6,181920927,134539092.8,112567440.4,34565848.8,23780715.2,12993028.4,9776097.1,7821792,5086611.2,1465497.8,1703363.2,856804.8,782653.5,660790
CHN-U,50273168.4,43957695.6,35429710,32475625,27896817.6,21636345.5,18192564,13957482,11887825,9516339,7162087.8,5318574.8,4200015.3,5278024.8,5128988.4,3334017.9,1911093.6,1715611.8,920724.2,513845.4,700060.8,357190.8,364032.4,277912.8
CIV,4709071.4,4803576,5048296.2,5809648,5982535.2,6360758.4,6586140,6962572.8,6711211.6,6895862.4,7026104.4,8688556.8,8389822.3,8008803.6,7802831.6,7729960.5,6051958.4,4390106.5,3539142.6,2752241.8,2624951.3,2693531.2,2703053.4,2533651.7
CMR,4534850.6,4026136.8,4259308,4461812.6,4556883.3,5067768.9,5435926.3,5779709,5851716.5,5940668.1,6007276.8,6874200,6544163.2,6145689,5706784,5679064.5,5618328.3,5724852,5794394.4,5859959.5,6222372.3,6251393.7,6372374.4,6371172.4
COD,43305212.4,44972544.2,46336583,47474082,48744468.5,49982187.9,50685145.2,50823660,50743506.5,52666955.1,51966824.2,51122171.9,49989081.3,48908512.8,48663892.2,49116586.2,51131158.4,52789660,53477583,54525893.6,58482567,59870662.4,61379456.6,61556136
COG,1659907.5,1707408.4,1722238.5,1800028,1852970,1842764.5,1703217.6,1984819.2,1936578,1897263.3,1698646.4,1789855.8,1605797.8,1695988.8,1666369.1,1814184,2158046,2363767.3,2625533.7,2784855,3109082.9,3026095.8,2998582.4,3005902.6
COL,7070700,8607690,5894909.6,5483975.2,5131152.4,4648916.4,4655383.2,4712625,4952690.6,4359936,3802010.4,3169598.1,3150403.2,2892657.3,2595105.6,2377640.4,2388862.3,2129464.4,2225880,2632080,3063420,2427648,2097821.6,2100963
COM,80378.6,82010,83244.7,85292.9,87487.4,93849.6,100947,109075.8,113595.3,117573.1,122613,125809.2,130826.8,133305.9,141477.6,148173.9,148374.4,147415.4,148761.6,152584.3,154942.7,158685.6,164167,167698.6
CPV,90088.5,90886.8,86964.8,82386,74599.2,67782.5,61296,53326.5,44230.8,41897.1,37020.8,35356.8,32484.8,30056,27351.3,24304.8,21546,19965.5,17894.2,15120,37365.3,32545.8,14084.4,12524.4
CRI,272002.5,203396.4,190148.4,194747.2,195114.2,141458.4,143920.6,79534,107206,111327.2,67735.4,80500,77738.5,77178.4,71845.8,75469.9,65083.8,57400.2,74790.3,52989.4,62545.6,63091.2,54367.4,52217
CUB,1497333.80389893,1473600.58133537,1392061.27017139,1355316.91206847,1235867.33433068,1170014.64855249,954093.134726965,904575.584293554,843388.317914169,800260.702466767,724409.873904398,673438.102144565,573037.137664739,514515.930759539,486744.159408652,477294.948444773,501908.962805673,498022.273252076,487545.03898595,492813.707311485,564211.722300455,507990.531503151,473366.37953649,465841.311010194
CUW,665.111718470882,652.630292837704,644.028460402927,748.407352917317,710.969048885393,712.116688062029,694.851369762874,689.684727341561,728.036800145313,765.798980696262,776.480272403206,850.848384588034,916.091186008235,1016.88347702214,1095.39878793333,1194.01543009794,1035.39264002551,1147.02285052514,1030.6103049637,993.793773184241,1012.18567215336,1007.096896632,1002.37531489474,1009.30302036756
CYM,211.626455877099,214.222157191002,224.66109083823,268.958892454661,261.058947637605,270.493935775499,263.201276425331,260.547563662367,275.613931483583,287.174617761098,293.803346314727,323.322386143453,347.276397310312,380.511236563125,411.646678267939,453.423581049852,397.226107179597,444.471354578491,394.431104368823,384.104341782866,394.999286693993,399.154257811464,394.875124049444,401.28915267626
CYP,849.6,864,879.3,893.7,909,102.8,209,319.2,108.2,1207.8,445.2,112.5,0,1144,921.6,348.3,468.4,353.7,237.8,1798.5,1812,1824,1836,1848
CZE,0,0,0,0,0,0,7209.3,12427.2,3126.9,1048.6,4214.4,5284.5,3176.1,5297.5,0,1060.3,0,0,1062.6,0,0,0,0,0
DEU,0,0,0,0,0,0,0,0,0,0,0,0,0,0,0,0,0,205285,0,0,0,0,0,0
DJI,164193,169542.9,168223,171002.7,174251,178054.2,176694.9,174015.9,170525.6,176858.1,176922.9,171554.6,173468.9,223372.8,213043.2,202920.3,193315,182595.6,188956.8,174817.8,155700,149463.6,146901.2,141680.1
DMA,9265.18092269989,9220.7062388018,8686.42261650891,8436.83271185353,7788.61891864712,7361.84332215764,5912.40434055307,5681.60531536114,5294.4801566672,5020.18995185903,4602.26867741257,4270.14912852564,3624.90545702523,3245.87286556443,3063.42477949501,3040.09521302403,3192.69382056588,3208.85051986535,3140.2500552668,3216.23982321279,3680.92198786831,3357.44676878333,3086.0986148502,3076.46329829464
DNK,0,5893.8,12355.6,18315.8,16749.3,13555,7621.6,547,6047.8,27082.3,3333,0,0,17474.7,11328,10240.2,15993.6,8027.6,9783.5,14437.5,14492.5,14547.5,14607.5,14665
DOM,574577.3,447025.8,672115.2,780216,1056858.3,684461.7,586624.6,576892.8,525216.5,457142.4,383052.6,407096.2,390967.5,305375.4,349641.6,266383.7,216174.7,107670,91417.2,91266.8,101082.8,93109.4,86062.4,80010
DZA,1552963.2,1427958.4,1180615.5,1020694.5,827341.2,699048,608004,493920,383471,297906,234767,176731.2,157777.2,149522.1,140810.4,139548.5,134003.1,136352.7,134425.6,136572.8,160332.1,153891.5,147130.5,140054.9
ECU,3590424.7,2678356.8,2091520,1973565,2029051.8,1620730,1138392,1210266,1085044.8,1073912.1,848308,708765.9,687732,507416.4,419865.6,555353.6,586583,533662.5,558165.3,612215.8,726378.4,646502.4,606980,614754.8
EGY,1034608.8,1374681.1,1771196,2182469,2412224,2364762.4,2360401.8,2346341.5,2331475.2,1805983.5,1219566,841800.4,807879.6,835214.4,844679.6,853379.8,1330063.2,1921794.1,2404899.2,1912075.2,1451468.1,1214427.2,1149292.8,1091981.7
ERI,1910270.67458425,1934088.08194369,1969533.67594124,1990886.35130259,1947699.78480969,1933618.78461341,1922503.84691695,1905904.13878287,1884300.52766494,1895836.20770873,1847006.48297789,1831082.4885762,1812481.71492534,1797393.78157933,1782343.87342923,1825993.46902545,1851565.66637619,1860219.21931748,1866180.57107571,1890569.81515557,2003771.09146467,1905021.67675252,1927715.14850984,1967434.70233209
ESP,278147.2,298022.4,323292.2,345497.4,355478.2,325910.8,344382.5,163418.4,225390.2,376455.6,318165.2,530071.7,440455.8,532357.2,367523.8,417573,523732.4,315207.2,389734.8,366883.9,408848,399461.4,366749.6,366457.3
EST,20020,16982.4,18947.1,16201.4,7502,10983.6,11070,5779.2,5226,7476,10522.8,13024.2,9805,11360.6,10939.4,7890,6171.1,3537,3267.5,7302.4,7280,6225.6,6206.4,6187.2
ETH,36602003.7,35273380,39930067.2,38304288,29491404.8,26440124.2,26604327.4,26851500,27109991.5,27196454.4,27310714.2,27239217.5,27354179.6,27355922.1,27369582.6,27435113.1,25529067.9,22954314.6,20990832,19703151.5,17748266.6,15971913.6,15206772,14488920
FIN,0,1040.2,1563.9,2614,2096.8,3155.4,4221.6,3178.8,2659.5,2671,2683,2694.5,2706.5,4893.3,3821.3,3837.4,2751.5,3866.8,3325.2,2224.4,2232,2239.2,2246.8,2254
FJI,15834,14977.6,13708.8,14052.4,10552.2,10028.4,9439.2,9519,8682.9,9457.2,7912,5982.3,4807,3428.1,5138.8,6957.6,8710.6,8425.8,7569.6,9730.8,24116.4,30597,14788.8,9985.2
FRA,0,0,0,96880,30443,24493.6,18477.6,6196.1,6233,25075.2,56723.4,19002.9,38184,38352,12838.2,83794.1,38832.6,12996,13046.6,32740.5,32860.5,32977.5,33091.5,33202.5
FRO,236.820081576754,239.131710352746,239.638496894112,280.652757343994,266.613393332023,264.973651371918,252.673225368318,250.330012146196,254.81288005086,260.584375375811,257.077928025386,277.943805632091,293.388680486298,321.466389510226,341.876054832695,370.295924524046,325.595169819342,358.444640789106,318.089600297438,304.844715700688,308.593192729682,307.041736778049,309.825097331102,310.087072522564
FSM,9416,9212.7,9159.2,9159.2,9212.7,9073.6,10027.6,13891.5,18044,12656.8,13218.4,13225.2,14965.9,16671.2,17045.6,16411.2,16537.5,16175.6,16175.6,16328.2,17236.8,17472.7,17865.1,17793.3
GAB,56379.8,58178.2,66382.2,68524.8,74665.5,76884.4,93925,84277.4,99072,103472.4,92168,81456,74145.4,66320.5,61345.2,56549,53433,50017.5,53354.4,52092.3,62163.9,68452.8,73854,72142.8
GBR,147375,147872.5,148370,148952.5,149710,150715,139846.9,147396,155192.5,156807.5,158267.5,159530,154202.4,155138.4,162537.5,163492.5,164470,165452.5,332865,334795,336670,338495,340285,342025
GEO,1081338,1075027.2,586912.5,592980.5,560855.8,577925.6,558870.1,623522,540330,520134.4,607715.2,559048,438323.6,326836,244709.6,192808.8,192717.5,243717.6,217229.2,189344,150501.4,94478.4,98838,84169.8
GHA,9954338.4,10058135.9,10076072.5,9906571.5,9651921.3,9480634.2,9263554.6,9309270,8848960.2,8836939.1,8471347.2,7584331.8,7043122.1,6715595.4,6923841.6,7198902,7378951.2,7116231.2,6879610.5,6660466.1,7084187,7332103.8,7380149,7633810.5
GIB,156.200479337859,154.439229602815,159.758997929408,187.101838229329,177.742262221348,176.649100914612,168.448816912212,168.589600016826,171.608674319967,175.495599742893,173.134114792607,187.186644609368,203.575819112941,223.058311088728,237.220119679829,256.940029261583,221.404715477153,250.911248552374,222.662720208207,213.391300990481,216.015234910778,214.929215744634,212.625066795854,212.804853691956
GIN,4461252,4656846.1,4799666.1,4944541,4977080.4,5007914.6,5062036.3,4835453.3,4352598.4,4352651.1,4587450,3675758.5,2768357.4,2706345.6,2649266.4,2575383,2282103.6,2035991.7,1896455.6,1789972.8,1731250.9,1735530,1599487.5,1514496
GMB,683267.2,747348,855424,731971,659436.6,675792,680641.5,657614.7,609474.4,745544,499816.8,545937.5,466357.6,404332.5,372664.8,288839.7,299586,323974.2,325898.4,333086,380638,380196,382252.5,371654.4
GNB,635310.8,639454.9,688019.8,745704.5,782325,804708.7,847376.1,891748.2,938361.6,987610.8,1037696.4,789397.1,1003438.8,972700.6,837973,871332,642328.5,528524,476559.3,409934.7,496800,460595.2,453784,439305.6
GNQ,346247.116082909,353965.219457809,362952.249080483,369629.515196361,365919.239177772,368795.520270181,374476.892955786,380905.474401585,386831.362754744,399748.344422926,400114.616244185,406725.361708322,412885.003685032,418915.256768866,424367.588911722,442653.667444793,456632.339921636,464963.059947771,472660.229451328,484213.73796828,518649.144808417,497946.260062045,508490.454739874,523812.961417039
GRC,54595.8,57043.5,58328.4,56215,72128,38423.4,62359,56905,38828,72090.9,111026.2,127937.6,166133.4,108691.2,170101.5,153686.6,116313.6,97083.3,15598.8,76762.5,92146.6,79740,75099.2,74874.8
GRD,13562.0764230824,13435.8862336826,12657.3586697701,12414.1967045845,11298.9823749388,10679.8572138343,8699.68067252809,8242.32883777743,7755.29487737167,7353.51767596251,6711.64182122666,6227.30081243323,5336.66636728715,4778.64616319208,4510.04203647877,4414.38482987051,4723.43743316597,4683.1872452089,4583.06764822722,4674.26854306925,5349.60662236861,4815.28549733398,4567.4259499783,4493.25560671981
GRL,282.168607836132,278.986995411537,279.578246376465,333.275149345993,316.603404581777,314.656211004152,300.049455124877,291.200218210881,296.414982916306,303.12876319227,299.049834641775,323.322386143453,335.301349127197,367.390159440258,390.715491237366,430.75240199736,371.17849359405,408.626890499581,356.260352333131,341.42608158477,351.796239711838,350.027579926976,346.27510878182,346.567904584042
GTM,1119565,1178190,1257527,1333750,1410229.4,1482467.2,1560750.5,1523551.2,1500042.6,1601960.4,1609410,1587583.8,1592765.3,1551901.5,1515964.8,1384670.4,1338167.4,1314217.8,1281303.5,1228702.2,1330787.3,1138425.6,1081181.4,1081652
GUM,786.041121829225,782.159969278774,783.817583591159,917.968393812647,877.602419717907,872.204935765895,836.980059032553,812.295345535616,826.841794450749,850.88775632918,834.191644000742,901.899287663316,958.003854649135,1049.68616982931,1123.30703730743,1224.2436688346,1061.44025361105,1182.86731460405,1056.0574729875,1024.27824475431,1043.04499142633,1043.94190504537,1038.82532634546,1045.78385242904
GUY,88628.1,86856,86365,86856,84976,86740.5,78900,71039.7,69974.8,68987,67155.3,62541.5,57152.7,55334,53021.6,53299.2,49690.8,49339.5,49187.8,48479.2,36781.5,31959,25647.9,23849.1
HKG,33578.0643324997,33488.4032706492,33744.0958439022,39659.7427721731,37786.8940591198,37692.5019076553,36111.2151255554,35240.3351792747,36089.8242357748,37135.9325152916,36856.5804975171,40080.6312366603,42547.3461946047,46901.2901756859,50199.963561658,54758.4544714538,47556.4305038131,52798.8955882353,47261.7528121934,45671.835306277,46585.2283744728,46658.0623207924,46431.2395863061,46725.8657320766
HND,1370040,1327891.2,1509860,1864010,1831977.2,1848411.1,1594378.8,1205531.2,1199845.2,989912,1130910,1195863.2,1444999.5,1261470.6,1169835.2,1163137.8,1331409.3,1284129,1340039.1,1219090.6,1440355.8,1115197,1058796.9,1057056
HRV,3985.2,3526.4,1758,877.8,0,0,0,0,0,1302.3,0,27171.9,33946.3,31229.4,41728.4,24992.4,26120.6,21782.8,18326,10764,10701.6,9413.9,9358.7,9308.1
HTI,5740470,5895783.6,5930052,5966114.2,6045897,6032716.8,6041220,6025688.5,5990896.5,5874358.6,6054000,5996709.5,3003359.1,2952256,3005903.9,2904023.2,2772493.2,2657402,2637114.9,2812998.6,3080674.8,3114808.2,3230031.7,3391070.2
HUN,6132.6,0,0,2028.4,0,0,0,0,1998.2,5975.4,6948.9,8908.2,32571,17715.6,64772.4,61639.2,131665.5,59298.1,20346.9,28968,30787.2,28761,25787.7,25690.5
IDN-R,66104833.2,62864867,46826836,45344670.5,47124051,43581269.2,52761727,43870859.3,41715902.8,35159667.2,30768604.3,26220888,22858452.5,18042112,14428654.2,12317859.4,11473656.5,10078487.4,8534147.2,6987660.4,8274183.4,7747674,6173482.9,5114321.1
IDN-U,26131079.1,22667684,11456967.6,12981510.2,13286336,12290408,17541849.3,14962595.2,16722682,15005377.2,13497409.5,12344479.5,11319716.6,10121971.2,9198728,9042619.5,8162336.7,7402333.5,5948400.9,4813710,5967114.3,5652993.5,4612778.8,3836734.2
IMN,367.826935214958,363.679476161468,369.442682711757,438.51993334999,416.583427081285,425.061899075785,405.32996569501,393.375733372594,410.820765796284,420.125829687532,419.719066163895,459.458127677539,484.989451416125,537.964162037521,579.096174512524,627.235953785629,546.999885296494,602.186996525698,540.752320505645,518.236016691169,524.60842764046,534.252621993806,528.525166035409,535.052203568346
IND-R,372090938.5,371263357.3,373562355.4,372690508.7,369581424.8,360289355,353216260.8,342742589,333856588.2,327199804.8,297667623.6,243346020.6,223218369,216129856.8,207078888.6,196852644.5,181733812,142274720,108979184,112741461.3,141855602.4,98860213.5,77205883,68653768.3
IND-U,82743400,83639264.4,86000717,86965899.5,87880410,86663508.9,85622628,83331123.8,81687052.8,81820741.8,73179189,60501718.2,58214726.4,58962117.5,58157477.6,53461997.4,59625494.4,52330696.9,46630936,47135617.2,58696528.5,44216346,36555221,33996478.4
IRL,6928.2,8208.9,9542.4,5265,2064.5,842.6,17216,4398,8082,22383.2,24985.8,25180.2,15905.2,31837.6,18275.4,17390,6143.8,11426.4,0,2908.2,2932.8,2955.6,2977.2,2998.2
IRN,2281554,1798172.8,1182921.6,1094126.7,898072.2,753504.7,641043,597857.3,837717.5,1068476,872433.9,626575.3,458718,286509.5,541042.8,619008,561946,470745.4,647894.8,786790,794086,733479.6,637365,573580.3
IRQ,0,0,4987.8,392093.1,21053.6,24307.2,11078.8,11356,14556,20925.8,24610.4,25381.6,29498.4,23718.1,31506.3,28892,7440.6,11482.5,11802,8082.6,8300.6,8522.4,8747.2,8975
ISL,0,0,114,0,494.7,118,450,244.8,186.6,317,481.5,388.8,97.8,163.5,0,99,0,0,0,0,0,0,0,0
ISR,15035,15322.5,29947.2,29205.4,32345,31694.4,14861,33922.7,34065.6,35613.2,17079.8,17408.7,56972.6,35194.5,38910.9,39518.5,19658.4,38281.2,42265,42920,43570,44210,21525.6,21830.4
ITA,716175,626815.4,560679.4,447731.9,350970,382258.5,384013.5,403335.2,416514,542742.2,758558.3,693216,716808,817451.6,732895.5,1160328,968709,842912,865648.6,586238.4,597233.2,590380,583476.3,582446.7
JAM,63768,61571,57403.5,41764.8,32202.2,32379.2,28152,28305,28458,35610.8,37184.4,35941,37501.2,37646.4,36347.4,36474.4,36601.4,34113.8,34208.2,31966,53599.2,49623,42982.8,41870.4
JOR,17350.2,15062.6,12162.4,9174.9,6643.2,5142.6,5340.6,3715.8,648.9,1364.2,2872.8,3030,3196.8,3365.6,4404.5,9159,9456,9703,9903,10070,10209,10320,10405,10474
JPN,612163.2,613075.2,613934.4,614726.4,615427.2,616012.8,616478.4,616828.8,617040,308558.4,0,308412,629287.4,936684.9,935589.9,934217.5,932560.4,930633.2,928457.8,926041.5,923420.8,920595.7,917588.1,914383.4
KAZ,2049257.7,1926624,1342923.4,939814.4,510815.2,1345850.6,158479.1,61783.8,38402.4,38841.6,32798,11652.9,6768.4,5162.1,3497.6,7099.6,8993.5,7282,3680.8,3718.6,3755.4,3791.4,3826.2,1929.7
KEN,9762080,10378594.2,11561793.4,12406618.5,12956705,13236825.6,13401708.4,13482444,13682575.5,13833480.6,13872925,13956979.5,14045282.8,14107056.9,14120470,14109691.9,14461060.8,15441790,15876331.6,16479054,17984010.4,17108106.3,17138659.2,16455146.5
KGZ,1878837.8,1655656.8,1554385,1288084,583400.4,688677.5,429129.9,454037.5,174172.2,82770,190854.4,69388.2,147148.5,148920.8,60637.5,127857,67898.4,76771.5,45384.2,41038.8,88228,30633.6,25836,25482.6
KHM,4803879.63915623,4618613.54758145,4203404.43717907,3850494.28431086,3429338.99238971,2866942.71454118,2835971.51477653,2565698.55878631,2448696.81857193,2193078.72613671,1907767.92548796,1508027.69864672,1303553.51074616,673353.450064527,545154.055728214,418145.539385846,353150.297928125,306351.111944034,248867.825877448,188669.749589845,236689.447892865,234318.725454842,198020.190582092,181222.421152782
KIR,10676.4,12065.8,11336.1,11596.7,12627,12834,13328.5,12739.2,12730.2,15129.8,15511.8,13187.2,12465.6,11016,9801,6944,4924.8,3874.4,4436.8,2172,2464.4,1835.2,1890,1894.4
KNA,231.781356436823,229.167889088049,234.646028208818,274.805824899327,266.613393332023,270.493935775499,263.201276425331,255.438787904282,260.01314290904,271.220472329926,267.570904679483,294.960773323852,311.351252760969,347.708543755959,376.761366550317,415.638282629031,358.154686801276,394.289104868016,356.260352333131,341.42608158477,351.796239711838,356.168414662537,352.350110690273,352.648043260956
KOR,232191.4,233793.7,235224.5,236498.5,237640.2,238669.2,122240,122655,118125.6,182702.3,247765,184056.5,124880,120405.6,120924,116366.2,116821.6,117258.6,117677.2,118079.7,118466.1,118834.1,119179.1,119508
KWT,10334.4252619983,10506.8495236238,10703.8528612704,12681.9964724817,12264.216093273,12569.6875869553,12512.5886812602,12787.2657224883,13791.0970998955,14991.5786568247,15728.972004492,18100.3813014695,20333.6318149279,23604.8177440366,26387.2497832092,29744.5869168703,26392.7444655559,29657.7095788906,26700.441048967,25905.7039402444,26557.5301663165,26780.1802817815,26863.6584391791,27263.341827278
LAO,1780418.9,1627207.5,1448723,1269450,1173788,1140442.8,1141139.9,1222725,1022957,1018156,828844.2,848122.6,700627.2,665088,629323.2,594428.8,559562.4,523265.4,504672.5,467636.8,500833.5,505504.8,482684.8,433531.8
LBN,0,0,0,0,0,0,0,0,0,0,0,0,0,0,0,0,0,0,0,0,0,0,0,0
LBR,1022155.5,1060608.6,1066536.6,1834666.2,1844248.5,1879314.3,1899675.2,1874185.5,1780218,1716093.3,1617890.4,1451311.5,1309384.2,1146772.5,1138586.3,1176750,1274386.8,1295148.4,1346014.2,1521468.9,1676664,1655404.8,1652876.6,1627365.6
LBY,191278.035956506,190694.460243658,179040.439209595,181503.681024534,167577.137278895,156500.36493742,153265.847185819,149525.463396655,145581.498664292,136828.140953826,112700.582938238,129938.770236692,129374.958816981,144804.964118271,167053.964411729,330306.844544657,372462.228965727,502326.670630823,604755.499596373,571399.681017192,689104.182983684,705691.478565476,722050.694520315,747171.660146539
LCA,18792.9,40370.1,43776,24568.6,11696.4,13792.4,8731.6,8283.2,23693.8,8857.8,9549.6,7377.6,9240,10762.5,10991.7,11735.1,9113.6,8914.2,8550,8597.5,13050.1,11891.7,9113.4,8692.5
LIE,166.277929617721,169.384961499862,169.743935299996,198.795703118662,188.851153610183,193.209954125357,184.240893497732,178.807151532997,182.009200036328,191.449745174065,188.873579773753,204.203612301128,215.550867296055,242.739926773028,258.151306710402,279.611208314076,240.940425666313,265.249034183938,241.748096226053,237.778878246536,240.702690329152,239.492554686878,236.925074429666,243.205547076521
LKA,2088558.4,2258212.2,2100301.8,1606374,1485909.1,1448755,1164464,1044039.7,899564.6,770880,678652.8,574914.5,598423.2,455721.6,402148.5,289996,270374,288102.6,226260,201772.8,290959.2,268554.2,449524.8,450690.8
LSO,1176653.2,1206851.4,1251516,1246508.2,1210831.2,1145820,1059477.4,991198.2,910400,948592,874976.7,813422.4,730664,721179,786294.4,748073.4,705500.4,722598.8,754936.8,789594,764634.6,769247.2,767158.2,764375.7
LTU,8755,20143.4,17225,6488.5,3042.9,59523.2,50220.8,43684,4822.5,70985.6,47781.9,21560,28851.5,21285.8,37321.2,21110.4,36931.6,29478,26756.1,15757.5,15686,15052,14988.4,14914.2
LUX,0,0,0,313.6,90.2,137.1,0,95,0,198.8,0,624,212.8,490.5,778.4,1701,691.2,1632.4,1652,597,604,611,619,627
LVA,32899.2,28779.8,16797.6,13830,6381.2,53147.2,34487.5,439.8,651.6,7507.5,36641.4,21547.6,22106.2,23879.7,15926.4,12954.5,12805,15592,6948,4586.4,4732.5,4500,4461.6,4420.8
MAC,2156.57435989044,2182.07685696881,2241.61843969701,2689.58892454661,2616.14392207047,2666.29736692992,2595.16458555376,2574.82298207516,2672.93510910494,2791.97545045512,2817.36423162515,3114.10508759221,3370.97606354664,3778.87021138552,4109.48972033586,4541.79287018269,3985.28487858875,4466.22022423226,4020.65254775962,3914.20614959683,4024.05523319506,4065.23259494137,4082.4012824804,4146.65457765468
MAR,2313770,2319969,2204621.1,1892109.6,1711149.3,1632873.5,1432321.6,1308369.4,966868.2,838138,751888.8,653894.1,569994.3,524272,483883.8,466373.6,465656.4,414584,380016,366350,526408.2,374980,367765.8,348702.9
MCO,161.23920447779,159.421140235164,164.751466614702,192.948770673996,183.296707915765,187.689669721775,178.976867969225,178.807151532997,187.209462894509,196.767793651123,194.120068100802,209.875934865048,227.52591547917,249.300465334461,265.128369053927,287.16826799824,247.4523290627,279.586819815503,248.109888232002,237.778878246536,240.702690329152,239.492554686878,243.000076338119,243.205547076521
MDA,1305670.8,973663.6,566401.2,234049.2,272873,451865.9,81242,39216,39475.2,27033.6,16748.5,8969.4,5703.6,1221.6,0,1219.8,4466,0,0,1209,1205.4,0,0,0
MDG,10883960.1,11545310,12992875,13026638.1,13282818.3,13609721.4,14060680.7,14491188.1,14839773.7,16080844.2,16952526.5,17717011.2,18022855.5,18545599.7,19003298.4,19498676.4,19907731.8,20362187.3,20858074.6,21238875,21842660.8,22365576.8,22949841.6,23438460.2
MDV,21187.4,26231.8,23079,17183.8,13497.4,26062.3,12131.7,11625.6,9901.5,14732.5,8723.5,825,2045.8,278.6,0,41.8,0,0,0,0,0,0,0,0
MEX,9073334.8,7884625.5,6876994.5,6993434.2,6366202.5,7094068.8,4568818,5211557.6,6092229.6,6283472,5302818.8,4870781,4639833.6,4619607.2,4608636.2,4456541.4,4094034,3758672.4,3438961.7,3572856,4872868,4142750.4,3654402.3,3499571.9
MHL,3525.6,3099.2,2901.6,3121.7,1794,1632.8,1794,1828.5,2412.8,2360.8,2268.4,2024.6,1794,1473.4,1605.9,1425.7,1001.7,567.1,519.4,450.5,450.5,459,450.5,450.5
MKD,106174.8,109913.4,29915.4,25457.2,15838.9,30900,58589.2,27891,13228.8,202141.3,216419.5,188344.8,143313.4,108574.8,93880.4,114400,88234.4,93526.7,70890,55514.2,64728,54314,53687.3,52459
MLI,7778505.6,6481626.6,6605132.5,6324234,6655743.2,6580731.6,6580432.5,6829794.4,6971447.8,7135031,7055100,7391299.6,6980216.6,6726319.6,6015079.8,6651814.4,5031402,4016197.2,3263475.6,2904127.5,3105633.5,3211100.4,3382158,3382763.1
MLT,2019.6,2034.9,2045.1,2060.4,2065.5,2075.7,2080.8,1681,453.2,1780.2,915.2,796.1,504,126.9,0,342.4,387,688,432,1299,1305,1308,1308,1311
MMR,37729576,35647106,33596678,30727650,27223739.9,23683945.5,19675168.8,15803880.8,12810113.1,9985100.5,7854273,6612332.4,5715642.7,4625175.2,3863145.6,3259528.8,2115400,1062082.9,813210.5,635742.9,580964.8,1448047.8,1348399.8,1241047.6
MNE,2084.2,2084.2,2087.6,1412.2,1414.5,1416.8,0,2228.4,558.9,0,0,1312.5,7887.6,6520.8,0,8478,15536.3,20819.9,17863.6,16128,18144,16102.4,13209,12957.4
MNG,570724,470932,316368.5,244924.8,171543.9,136205.3,89785.8,57002,37068.9,44839.2,30928.2,23753.2,13230.5,10902.2,9649.2,13694.2,21498.8,23685.2,22166.2,18679.4,18933.1,26983.3,21068.8,17976.6
MNP,347.672034655234,348.733744264422,344.480339285287,391.744473792658,361.038970137114,353.298201829223,326.36958276741,306.526545485138,296.414982916306,297.810714715213,283.310369660629,306.305418451692,323.326300944083,354.269082317392,383.738428893841,415.638282629031,358.154686801276,394.289104868016,356.260352333131,341.42608158477,345.624375857244,337.745910455854,334.125104964914,334.407627230216
MOZ,14809519.9,15097985.8,15478518,15780686.4,16004612.7,16227878.8,16300305.5,16359212.4,16429277.7,16560896,16722868.8,16893678.6,17057231.1,17348634.2,17641539.6,18176337.9,19104978.3,20097780.6,21153544.1,22382053.4,23679266.1,23879078,24384425.6,24578347.2
MRT,583518.6,630207.8,661364.6,591104.3,579082.9,511129,353665.8,384308,402707.4,414058.6,397822,366594.8,332444,318442.2,263753.6,252653.2,270963,251940,242890,238694.4,243984,250308,256683,251292
MUS,9361.5,9313.2,9135.2,7012.2,5467.5,5254.6,4298,4072.2,3720,4478.4,4992,5129.1,5137.3,4643.5,3896.7,3273.4,2524,1644.5,1394.8,1016.8,4076.8,2679.6,2302.2,1536
MWI,6990552,7845676.8,8268547.9,8475519,8695736,8998904,9278787,9518455.7,9784197.6,10071733,10376428.8,10541974.2,11052200.2,11091670.7,11088022.4,11477579.4,11920159.9,12451337.8,13082029,13617941.4,14176487.6,14444857.5,15035790.6,15567472.8
MYS,350108.6,393403.4,418625.4,387601.6,314675,251468,201301.1,186375,178932.6,157348.5,89958.4,40089,23336,8911.8,9068.4,6144.8,6237.6,3162.4,3204.3,3245.4,3286.9,3328.9,3371.1,3413.1
NAM,790173.9,813019.8,801296.6,785063.7,695661,684784,641266.4,607360,595366.2,599642.2,539338.6,483752.8,443517.6,412426,375329.3,379426.4,395648.4,419883.8,432713.6,456537.6,578022.4,498481.2,416971.6,418850.4
NCL,1073.24845480529,1081.07460721971,1103.33557944998,1315.55980004997,1271.96806402152,1286.22626603452,1247.57405025607,1226.10618194055,1268.86413739612,1318.87602231023,1316.86857008922,1446.44225379966,1550.76873971329,1718.86110309549,1848.92152103396,2032.84905504017,1771.23772381722,1978.61441715586,1781.30176166565,1725.42109086589,1771.32492626838,1786.98290804825,1786.05056108518,1805.80118704317
NER,9613720.4,9755456.4,10001596.4,10343300.4,10786455.9,10963295,11196783.6,11662526.8,10584982.8,11854174.4,10497217.5,10333958.4,9926373.6,10165624.2,10256204.4,10768256.4,11146881.6,11554626,11495142.4,11604723.9,11406735,12603024,13606730.8,14063200.8
NGA,72664852.8,72806178.9,67292318,65999697.3,63865349.8,63328852,62935558.2,62022241.2,60950673.8,58827162,56533057,56371729.7,57282492.8,56325546.2,54596724,56238892.8,59814062.4,60606305,61191350,62137450.4,67597568.7,46581774.1,47120201.2,47938444.4
NIC,938540.9,958290,926643.2,939711.3,953676,928415.4,488320,465588.9,464302,469144.8,408545.6,382747.2,319121.1,294327,236951.6,207396.2,178935.9,171616.8,218718,258485.7,263097,203503.4,180614.4,165835.7
NLD,33444.6,35239.6,35442,37262.3,39088.8,24550.5,8220,4952.1,21539.7,18289.7,8341,16737,13431.2,15156,10133.4,10163.4,8493.5,32368.4,17085,17133,17181,17230,17277,17325
NOR,10797.6,9950.6,9546.6,9140,11954.8,9264,6074.9,6134.7,10975.6,4345.2,7329,4947,6014.4,6600.1,5655.1,8840,14714,15387.4,13382.5,8641.6,10355,8800,8883.2,8966.4
NPL,9738558.2,10024813.8,10433180.2,10139680,9518714.9,8148392,6755036.4,5856431,4723318.4,3214388.4,2323978,2090515.5,1913380,1824687.2,1676780.8,1507305.6,1466539.8,1324586,977592,847358.6,807942,672716,605542,621019.3
NRU,,,,,2639,3061,3552,2117,1212,1531,1337,852,267,143,111.1,143,143,233.2,111.1,89.1,89.1,89.1,89.1,89.1
NZL,19444.4403149935,19469.3067512194,19785.1533998202,23516.3622924488,22667.6928789163,22826.37600881,22035.2108623287,21625.4477839765,22246.7245072975,22995.2416147961,22927.1539892028,25060.3210873996,26746.2701169855,29633.9526819937,31864.2437228759,34868.2733827337,30351.9817305591,33736.8095910706,30212.1502362507,29216.3175527539,29834.7898731057,29936.5693358598,29864.7093819548,30127.087144104
OMN,11427.8286173633,11433.4849012407,11657.4143801615,13950.7808129744,13580.6197228499,13861.4341373934,13596.9779401326,13604.669843782,14347.5252257209,15331.9337593564,15954.5710025551,18361.3081394098,20740.7834531538,24352.71914004,27629.1668803566,31739.6506734897,28808.6606256154,33234.9870939659,30727.4553887325,30496.6653586968,31785.0988511573,32362.1990564064,32586.3102369418,33075.9544024069
PAK,49258778.8,46643698.8,48574813.2,44222278.2,33669174,30889737,29329449.8,25044014.6,23286541.2,22401405,18522924.6,16495224.8,16100945.5,14627816,13118172.9,11173479,9486267.3,9358260,8936178.5,10209390.3,13501922.4,9163022.4,5719336,6607251
PAN,335531.7,434454,301140,318332.8,287345.1,285133.6,318508.8,230381.8,143101.2,90548.7,123497.7,90846,130923.1,85971.2,112825.6,59931.9,61316.8,86079,58684.2,42260,63921,50048,41050.2,38485
PER,4993820.5,5317852.5,4668475.5,3949110.8,4448226.3,4917341,4360200,3740334.6,3127706.4,2554988.1,2003238.6,1934400,1833667.2,1650510,1492898.6,1480994.4,1461604,1447425,1165361.6,988020,1352467.2,1040897.4,987595,994709.1
PHL,11722197.6,11647169.2,11503172.8,11317261.6,11948065.8,12716787.6,13434777,12009908.5,10935616,10264197.3,11631520.7,12262278.6,12098688.3,10891998.6,9709894,8432256.4,7366716,6337047.2,5389507.2,4875580.6,7437931.2,6800613.3,5283766.8,4625678.8
PLW,7510.38534880016,7447.5748570208,6653.58834535666,5991.58839852309,5250.46159747334,4320.93852982845,4209.23415922305,3939.4362604747,3528.127395104,3112.95773759647,2666.52865397717,2178.33138475589,1852.51564767337,941.251577671241,749.671610915624,592.808471870642,492.913751707826,401.960221857214,337.011705607771,251.819116118219,311.526643951123,304.238194051377,265.303453334195,239.753562641011
PNG,3160438.4,3269552.3,3364189.4,3395613.9,3398959.2,3325479,3248587,3057697.8,3162063.3,2998756.8,2752217.6,2863986,2877283.2,2902421.6,2619639,2535192,2490988.5,2508304,2638514.6,2624187.2,2841873,4012237,3950392.8,3981035.5
POL,53971.4,34671.6,30787.2,30750.4,42235.6,69053.4,15336.4,11499,3832.5,7665,3832.3,11496.3,7663.4,3830.9,3829.3,0,0,0,3810.5,0,0,0,0,0
PRI,19132.0393563177,18931.2604029258,18951.4111293761,22142.3331679522,20973.5869421191,20789.3910638884,19766.4158595424,19137.4739897888,19422.9817753053,19815.0486255158,19495.9506233129,21027.2997444523,22141.8640905781,24201.826753127,25682.5664865133,27757.0802199351,23885.6616579469,26259.6543842099,23277.7969497665,22284.1487177203,22527.3030692668,22389.4834458554,22119.0819486773,22095.2239519019
PRK,9063453.98224415,8613492.70088741,7763739.56077942,7051500.38622182,6229672.68540211,5164385.73085096,5063919.15525329,4540481.67850141,4292849.0079928,3807614.25674112,3278763.63293032,2564414.69018739,2192496.37653685,1119910.09141398,896642.945303226,680220.775631931,568374.366060187,487922.286445821,392327.58146912,294479.563653337,365916.36392459,358876.60790124,300565.742762135,272683.193266357
PRT,93195,93591,93996,94383,56851.2,57056.4,9539.1,27638,14912.8,18123.7,14912.8,54187.5,74074,90532.2,57590.5,50006.4,38376.4,42348.9,29843.9,15382.5,18394.2,15274.5,15222,15171
PRY,530830.3,483385.8,729391.6,465464,325698.4,351756.5,467698.5,467734.4,261230.4,353585.6,339066,317847,212454,115741.4,157927.3,125477.1,113652.5,66747.8,97233.6,70518.2,92564.6,73634.7,73043.2,69483
PSE,19015.7,22501.2,42237.5,23398.8,20679.5,7152,11342.9,51027.2,31201.2,10686.6,1626.8,7940.1,11167,17218.5,22231.3,24713.9,17247.6,28541.8,33848.4,30084.6,52155.6,48594,17920,18368
PYF,1194.17785816363,1200.64046239608,1223.15482789703,1455.88617872197,1399.72031499312,1407.67252291331,1358.11858635471,1333.39047286035,1367.66913170155,1414.60089489726,1406.05887164905,1531.52709225846,1628.60655290353,1791.02702727126,1925.66920681273,2093.30553251349,1823.33295098832,2028.79666686634,1819.47251370135,1762.00245674997,1796.01238168675,1799.26457751937,1786.05056108518,1793.64090968934
QAT,2982.92528283911,3073.83886015926,3220.14230201464,4028.53645437525,4215.82428206261,4775.0460090981,5321.92980932019,6079.4431521219,7223.16511001314,8455.69707852122,9338.74922214667,11072.3736447723,12627.6883090939,14761.2117632247,16570.5230658704,18749.0650764114,16729.0798253178,18918.708140849,17145.0294560319,16729.8779976537,17225.6720181709,17439.9706489932,17550.6805135207,17857.3672940936
ROU,1376361.6,976089.6,1003144.5,690982.2,483660.8,379328.7,410009.2,180909.6,0,0,0,0,0,0,1402034.4,1047517.9,0,643503.3,0,420832.8,422658.4,389759,330274.4,322959
RUS,4362630.6,2566344,1466469.5,1575976.5,1440440,1105858.6,630616.8,286300,128774.7,100165.1,114523.2,57305.6,43026.3,14359.7,28752.2,57555.2,43189.2,43197,43189.5,43168.5,71893.5,28727.2,28688.2,28640.8
RWA,6135074.4,6140971.7,5982882.4,6122872,6110874,6047120,6049262.6,6091125.6,6103419.6,6156806.7,6185089.2,6188666,6083917.1,6087963,6072978.5,5950559.3,6078180,6323041.1,6044717,5620404.2,6400851.7,6001819.4,5351413.5,5155797.3
SAU,104624.088805526,106129.642200928,109370.011488736,131889.255154343,129024.219035616,131967.918952022,129384.483465164,129011.914218937,134894.81854121,141784.490446827,143890.188857637,160175.044559979,174153.12572703,196455.327222117,214726.070684307,238478.13245317,210171.682118385,236136.160459047,213463.568967605,208147.971880429,214225.394392945,216544.255280087,217460.768314983,220775.915497389
SDN,6978725,6799018.5,6544776,6187447.2,6055311.6,5771270.4,5458528.9,5323466.7,5381714.8,6252170,6065690.4,5239883,6121899,6135525,5758818.8,6156467.1,6249524.1,6866290.2,8455790.7,9850725.5,11856214.3,13235202.4,14435338.7,21271578.9
SEN,5224682.4,5269186.5,5395003.3,5198911.2,4908935.5,4765923.6,4747615.6,4873866.5,4952383.2,5089430.5,5196106.8,5518584.9,5379797.8,5615524,4871455.4,4082730.2,3273508.8,2246086.7,1686532.5,1485192.8,1553160,1566708.1,1466878.8,1456928.1
SGP,19721.5701976897,20022.2988314102,20623.8881389496,24843.6159573881,24272.9276846029,24791.597256485,24277.6857374725,24179.8356630193,25226.4751250351,26409.4287370669,26620.6817714451,29359.9415908511,31560.2394865975,35171.0472278433,38011.0356475209,41828.3253518489,36609.9208944868,40927.2090853001,36847.4992984553,35776.5758346327,36630.0119770133,36795.8817354814,36693.011527056,36973.3232943081
SLB,205958.8,236761.6,253692,252108,253046.7,240499,236758.4,208539,194980.5,211972.8,176563.2,162918,155443.2,149798.4,150075,153559.2,153900,164542.3,153631.8,156781.5,225892.8,240240,265843.2,270590.4
SLE,3179282.4,3545719.8,3251296.3,3218181,3239520,3278811,3250289.3,3042988.5,2928233.4,2927840,2742491.4,2558844,2020327.6,1304797,1217588,2399789.2,2118214.4,2055776,2011832,1945524.4,1846786.5,755412,734575.2,728547.3
SLV,759319.2,832746,874962,944015.1,689514.9,680071.2,463284,308458.8,471692,455365.4,391477.5,330652.8,288654.4,226286.2,216066.4,145830.3,166873.5,137764.8,117980.8,90244,119232,74899.5,68733,68411.2
SMR,141.084303918066,139.493497705769,139.789123188232,169.56104089533,161.078925138097,165.608532107449,157.920765855199,148.154496984483,156.007885745424,159.541454311721,162.641138138509,175.841999481527,191.600770929827,209.937233965862,230.243057336305,249.382969577419,214.892812080766,236.57346292081,216.300928202258,207.294406676468,209.843371056184,208.788381009073,206.550064887401,206.724715015043
SOM,5073224.00491561,5138579.45934767,5212125.090399,5239258.70459165,5105708.99796185,5071547.37914476,5067731.48825772,5066042.80954108,5060858.18545304,5148793.85753974,5071063.58526936,5075883.41246653,5071849.18386146,5074903.27665013,5074760.37961425,5239889.24296989,5350296.10719966,5410012.17817683,5461132.11836382,5567033.82858238,5940856.66937379,5689001.7273893,5800457.20333442,5967738.34748396
SRB,24666.2,24473.8,12158.9,35351.4,74064,72798.5,43113.1,33799.5,10010,12691,9030,11692.2,478303.8,20516,614772.8,6195.7,560952,473834.9,3504.8,4366.5,4352,0,0,0
SSD,,,,,,,,,3229081.8,3340363.4,3609019.5,4890132,6339934,6372007.7,6754859.8,7129200,8073683.1,8677440,9185409,9544054.8,10195251,10368834.7,10725480.2,10971721.6
STP,28592.3,30217.6,32616,32486,35248.8,35599.2,33103.8,35517.7,36756.7,40202.1,39585,38001.7,40296.6,37942.3,33043,32370,32300,31722,31496.3,31545.3,32264,33026.3,34731,37629.5
SUR,87126.6,85801,86698.5,85721.7,84401.6,80987.7,81799.2,82773,81164,82109.6,81687.8,81508.5,82429.5,83350.5,84118,84885.5,86812.7,87433.9,88210.4,88986.9,93809.4,99809.6,100494.4,101179.2
SVK,42112.2,32400,22680,13500,4319.2,4859.1,0,0,0,0,27020,22722,21668,15190,36944.4,35897.4,75127.2,12528.1,9265,6541.2,6542.4,6541.2,5450,5447
SVN,198.8,198.9,0,0,597.6,1997,1002,604.2,0,0,204.5,0,618,413.2,0,0,0,0,0,0,0,0,0,0
SWE,0,0,0,28646.4,35960,97610.4,32745.6,37568.3,53574.6,42839.8,51645,58689.2,43888.6,62497.5,45543,55654.8,25576.2,24777.5,72875.9,32169.6,32390.4,32601.6,29733.7,33008
SWZ,640492.2,602704.1,596603.9,591545.4,586920,580760.6,577539.2,575992.3,579000,584122.6,555804.8,548555,493084.8,459847.8,473063.5,470091.6,484017.2,485695.1,481703.3,476147.5,490842.9,477669.5,467941.4,465526.5
SXM,161.23920447779,159.421140235164,159.758997929408,187.101838229329,177.742262221348,182.169385318193,173.712842440718,163.48082425874,166.408411461786,175.495599742893,173.134114792607,192.858967173288,209.563343204498,236.179388211595,265.128369053927,294.725327682404,260.476135855474,286.755712631285,260.833472243899,249.972666874564,253.046418038339,257.915058893561,255.150080155025,261.44596310726
SYC,599.4,581,756,688,756.8,551.8,450,333,436.8,436.8,1315.6,1140.8,1140.8,1153.2,1050.9,893,741,639.2,494,432,556.8,436.5,388,388
SYR,480842.3,630401.6,473337.6,262981.6,160263,64029,189150,131541.1,79271.4,97877.5,98784.6,62592,220536,1422358,2025916.5,5369451,4959782.1,10259870.4,14850264.8,12721762.3,17956983.6,18586104.3,19421136.3,20377627.5
TCA,95.7357776586876,99.6382126469776,109.834311076468,134.47944622733,138.861142360428,143.527394493122,142.128689269679,143.045721226398,150.807622887243,159.541454311721,162.641138138509,181.514322045447,197.588295021384,216.497772527295,237.220119679829,264.497088945747,227.916618873539,258.080141368156,222.662720208207,219.488195304495,228.358962619965,227.210885215756,230.850072521213,231.045269722695
TCD,5757504.3,5683794.3,5651455.6,5405098.7,4278226,3702642.6,4021463.9,4179622.5,4368589.2,4481568.8,4120034.2,4499865.6,4171051.5,4020317.4,3768389,3709583.2,4347161.6,4750120,4820842,4883363.2,5341480,5604873.8,5873602,5940488.4
TGO,2833967.1,2956780.8,3010398.3,2990387.7,3167680.5,3457577.2,3559428.6,3763117.5,3848160.6,3892298.8,3895297,3933263.1,3971361,4003945.5,4028721.7,4056357.3,3396079,3002230,2477210,2275986,3034169.6,2790983.5,2903224.8,2870565.6
THA,2499432.6,1715661,1127684.8,961869.5,773523.8,628089.6,612163.2,357458.4,199638,167202.5,181464.3,47271,81412.8,40885.8,61575.3,34329,27545.6,27614.8,20754.9,69306,69411,69498,55653.6,55696.8
TJK,2822685.6,2783247.3,2541156.8,2417047.5,1433683.2,1212472.6,1023546.2,915456,704587.6,507416.7,459284.2,422064,375765,319720.7,315285.1,522343.9,410545,398768.7,380672.6,362388,347732.5,319613.6,261637.6,235305.5
TKM,1472993.7,1440398.4,1472434,1452206.4,1390502.4,1066797.6,922749.8,746084,578992.8,514822.4,428325.4,288709.2,229114.5,180834.2,157967.4,131890.5,114938.6,104219.8,102392.5,71316,100717.7,77074.2,78107.4,75348
TLS,421651.1,365326.3,374866.8,399679.9,397603.2,405783,486001.7,435372,500763.9,406005.6,384837,410916,432833.7,355263,296212.8,338172.5,312427.8,302201,306770.8,297118.8,348540.4,410318.8,268170.1,947580.9
TON,3118.5,2940.3,2296.8,2180,2330,2141.2,1938,1575.9,1493.5,1297.8,1466.4,1512,1753.5,1897.4,2067,1915.3,1701.3,1641.6,1504.2,1628,1931.4,1164.8,1175.2,1175.2
TTO,7861.6,7123.2,5878.8,4237.2,3614.8,3242.5,2606,2489,2237.2,2642,2525.1,2536.5,2281.4,2158.4,2031,2176,2457,2738,2883.3,2889.6,3445,3588,3588,3452.5
TUN,424816.2,361103.4,340308,316092,292496.4,265708.9,255919.6,247152,237302.4,232536.2,162792,136677.4,95805.6,72692.4,57943.6,22546,13684.8,11532,10493.1,9426.4,17854.5,14422.8,9703.2,9788
TUR,992868,1585542.4,1368003,2550919.6,1346860.8,1588953.6,1217105.1,911720.7,394469.6,513648,556917.9,95431.7,67113,227361,154062,164371.2,159026,113043,32766.8,298663.2,285039,101416.8,25505.7,25621.2
TUV,273.6,273.6,235,271,271,428,363,271,235,358.6,399.3,298.1,399.3,298.1,271,178.2,63.8,63.8,63.8,15.4,15.4,16.8,16.8,16.8
TWN,110045.757056091,109527.30525219,110548.234098465,130421.675110732,124763.959187998,124774.988374155,119630.244160841,116648.676884369,119236.827075228,122405.52179643,121204.373331479,131512.798644491,139293.760465984,153122.970023851,163353.960648937,177477.546682596,153400.908308685,169379.430558484,150736.29978895,144850.015112339,147001.453288711,146600.147642047,145332.270655921,145728.763808251
TZA,28562554.6,28781893.2,28021866.6,27430821.6,26491950,25313685.3,24494778,23578057.6,23495610,23408926.5,22786735.7,21706191,21964642.5,22599293.1,23312480.5,24143628,24901813.2,25669149,26502762,26259594.3,27940707.4,29051560.8,29096121.6,29192329.6
UGA,16582102.2,16923769.5,17220772.8,17343525,17274735.4,16983680,16542090,15998570,15708510.4,15691233.6,14936166,14192013.6,13967302.9,14278030.8,15048175,16045956.5,17416662.4,18246779.1,18434028,19071046.4,20007712,19961310.2,20252953.3,20438991.2
UKR,2202729.1,1723146.8,1276268,542412,439108.8,187568,74587.2,46386,13855.8,32195.8,4579.3,4557.6,49883.9,0,4488.3,53589.6,44439,13266.9,4400.9,0,0,0,0,0
URY,21918.6,26948.7,39270.4,37583.8,30248.4,21945,18653.6,12692,7707.3,9416.4,5735.8,4739,5774.9,5793.6,5130,5148,3099.6,2419.9,2082,3482,4543.5,3506,3518,3528
USA,2114872.5,2136397.5,2156302.5,2900270,2925390,2951290,2978270,3005950,3033740,3060760,3086410,3110510,3133360,3155370,3971487.5,3999112.5,3221790,4055750,3267670,3290930,3314310,3337830,3361500,3385240
UZB,20212176.6,20344347.6,20529506.4,21052265,20692560,20308192,19807174,18894251.6,18029258,17172344.4,16517681.8,15830977.4,14903434.5,13956298,13026122.9,11987712,11229723.7,10792300.2,9978129.5,9192521.4,9641473.5,7937799.1,6489358.2,6086870.4
VCT,14502.0223137911,14226.2324827228,13401.9091797566,13016.827612574,11957.1755229935,11301.9848185237,9206.45818743264,8722.46449823048,8202.71573568157,7707.05217961456,7031.24381271364,6464.53131957354,5487.7040946632,4913.89086592393,4637.68473562439,4580.96538948827,4767.17296495454,4769.91293493499,4710.3750829002,4717.15174071209,5447.7645420451,4903.63935967038,4567.4259499783,4493.25560671981
VEN,2791632,2567149.2,4161994.2,5083258.5,4372914.7,3846182.4,1942140.7,1755609.4,1691334.2,1852437.6,1979709.6,1912213.6,1814505.1,1843334.4,2047150.8,,,,,,,,,
VGB,105.81322793855,104.620123279327,104.841842391174,128.632513782664,127.752250971594,126.966541282377,126.336612684159,127.719393952141,130.00657145452,143.587308880549,141.655184830315,158.825031789766,173.638198655156,190.255618281562,209.311870305732,226.711790524926,195.357101891605,222.235677289246,203.577344190361,195.10061804844,203.67150720159,202.647546273512,200.475062978948,206.724715015043
VIR,549.221040252471,543.028258926028,544.179086697047,631.468704023986,599.880134997051,596.190715586815,568.514757078715,546.639006115163,556.428125825347,569.031187045139,556.127762667161,601.266191775544,628.690029613495,688.856548950484,732.591546070061,793.491266837242,683.749856620618,752.733745657122,661.626368618672,640.173902971444,648.045704732333,644.787647233903,637.875200387563,632.334422398955
VNM,23828884.8,25104716,24537925.8,20149138,16822539.2,14568595.2,12679006,10779195,9659271.2,8625152.5,2539175.1,1994445.1,1501503.2,1665263.6,1767609.5,1394207.9,1191569.4,1203804,1186839.3,750203.3,767208,754558.4,591150.5,495316.5
VUT,27842.5,32908,29352.2,30148.5,31447,31977,32078.6,34122,34042.5,34372.8,34574,33065.2,34925.8,36457.3,35268.6,37312,34335.7,29999.1,28594.8,26640,35779.8,38370,41279.4,45021.6
WSM,6107.4,4259.2,3858.6,3488.8,3097.2,2808,2570.2,2311.4,1932,1572.5,1450.8,1720.4,2003.4,2425.7,2208,1940,1696.5,1705.2,1722.6,1731.3,1360,505,1136.8,408
YEM,1564062.5,1726821,1876764.8,2033779,2165839.4,2138573.7,2293744,2449275.2,2588824.8,2683480,2476374.3,4341108,4615823,4590892,5196708,11415499.7,14065081.6,16004191.5,16822747,17404872,19420314.5,20376531.2,20912784.8,21825803
ZAF,16727302.4,17060403,16609583.2,16548497.7,15540358.7,13830989.3,11319394.5,9453586.5,9563156.4,9623324.8,9305934,9490960.8,9825829.2,10199599.9,10766196,11362300.5,11572699,11587283.1,11686436.4,11984616,13317922.8,12745880.2,12557162.8,12794982.1
ZMB,5456111.1,5805993.6,6201624,6465994.2,6921880,7439111.6,7900992,8227359,8447693.1,8676428.8,8919400,9038304,9059610,9250906.5,9488195.4,9787190,10052486.9,10341870,10608264,11014600.1,11650092.3,11910312,12172904.1,12468077.6
ZWE,1261310.4,1245356.9,1685000,2635452.4,3037330.6,3452392,3772125,4133633,5606233,4967816.7,3811671.6,3104714.6,2880413.8,3337693.5,3931346.1,4509066.6,5201915,5654913,5745685.8,6875955,7418528,7352226,7222164.6,7205762
