cc,type,2020,2021,2022,2023
AFG,fpl_2019eq_fo_2020,1230799.46673586,,,
AFG,fpl_2019eq_fo_2021,,1220575.01912499,,
AFG,fpl_2019eq_fo_2022,,,1274623.99884098,
AFG,fpl_2019eq_fo_2023,,,,1264266.55836463
AFG,fpl_2019eq_gr_2020,1325058.01029996,,,
AFG,fpl_2019eq_gr_2021,,902368.363208307,,
AFG,fpl_2019eq_gr_2022,,,687167.789607449,
AFG,fpl_2019eq_gr_2023,,,,599877.344672327
AGO,fpl_2019eq_fo_2020,18199288.8,,,
AGO,fpl_2019eq_fo_2021,,19489050,,
AGO,fpl_2019eq_fo_2022,,,20349020.8,
AGO,fpl_2019eq_fo_2023,,,,20878223.8
AGO,fpl_2019eq_gr_2020,18576799.3,,,
AGO,fpl_2019eq_gr_2021,,18726435,,
AGO,fpl_2019eq_gr_2022,,,19008980.4,
AGO,fpl_2019eq_gr_2023,,,,19820230.1
ALB,fpl_2019eq_fo_2020,15886.8,,,
ALB,fpl_2019eq_fo_2021,,15897.6,,
ALB,fpl_2019eq_fo_2022,,,22102.5,
ALB,fpl_2019eq_fo_2023,,,,27996.5
ALB,fpl_2019eq_gr_2020,15886.8,,,
ALB,fpl_2019eq_gr_2021,,11776,,
ALB,fpl_2019eq_gr_2022,,,10314.5,
ALB,fpl_2019eq_gr_2023,,,,7956.9
ARG,fpl_2019eq_fo_2020,4460078,,,
ARG,fpl_2019eq_fo_2021,,4573034.4,,
ARG,fpl_2019eq_fo_2022,,,4719396.6,
ARG,fpl_2019eq_fo_2023,,,,4880881.5
ARG,fpl_2019eq_gr_2020,5606955.2,,,
ARG,fpl_2019eq_gr_2021,,4807195.8,,
ARG,fpl_2019eq_gr_2022,,,4154365.8,
ARG,fpl_2019eq_gr_2023,,,,4465189.2
ARM,fpl_2019eq_fo_2020,20573,,,
ARM,fpl_2019eq_fo_2021,,31752,,
ARM,fpl_2019eq_fo_2022,,,36750,
ARM,fpl_2019eq_fo_2023,,,,37619.2
ARM,fpl_2019eq_gr_2020,51726.4,,,
ARM,fpl_2019eq_gr_2021,,37632,,
ARM,fpl_2019eq_gr_2022,,,30282,
ARM,fpl_2019eq_gr_2023,,,,18221.8
AZE,fpl_2019eq_fo_2020,1010,,,
AZE,fpl_2019eq_fo_2021,,1017.9,,
AZE,fpl_2019eq_fo_2022,,,1025.2,
AZE,fpl_2019eq_fo_2023,,,,3096
AZE,fpl_2019eq_gr_2020,1010,,,
AZE,fpl_2019eq_gr_2021,,0,,
AZE,fpl_2019eq_gr_2022,,,0,
AZE,fpl_2019eq_gr_2023,,,,0
BDI,fpl_2019eq_fo_2020,7384890,,,
BDI,fpl_2019eq_fo_2021,,7749088.2,,
BDI,fpl_2019eq_fo_2022,,,8341417.5,
BDI,fpl_2019eq_fo_2023,,,,9114726.5
BDI,fpl_2019eq_gr_2020,7255938,,,
BDI,fpl_2019eq_gr_2021,,7452513.6,,
BDI,fpl_2019eq_gr_2022,,,7697527.5,
BDI,fpl_2019eq_gr_2023,,,,7880291.1
BEN,fpl_2019eq_fo_2020,143051.4,,,
BEN,fpl_2019eq_fo_2021,,191730,,
BEN,fpl_2019eq_fo_2022,,,171265.4,
BEN,fpl_2019eq_fo_2023,,,,207264.4
BEN,fpl_2019eq_gr_2020,140626.8,,,
BEN,fpl_2019eq_gr_2021,,135705,,
BEN,fpl_2019eq_gr_2022,,,122697.6,
BEN,fpl_2019eq_gr_2023,,,,116750.2
BFA,fpl_2019eq_fo_2020,1109949.3,,,
BFA,fpl_2019eq_fo_2021,,1257574.5,,
BFA,fpl_2019eq_fo_2022,,,1832338.7,
BFA,fpl_2019eq_fo_2023,,,,1633496.1
BFA,fpl_2019eq_gr_2020,1001253.7,,,
BFA,fpl_2019eq_gr_2021,,892125.5,,
BFA,fpl_2019eq_gr_2022,,,979162.9,
BFA,fpl_2019eq_gr_2023,,,,920119.5
BGD,fpl_2019eq_fo_2020,21221875,,,
BGD,fpl_2019eq_fo_2021,,21300300,,
BGD,fpl_2019eq_fo_2022,,,21532364.7,
BGD,fpl_2019eq_fo_2023,,,,21483614.4
BGD,fpl_2019eq_gr_2020,20016472.5,,,
BGD,fpl_2019eq_gr_2021,,15537900,,
BGD,fpl_2019eq_gr_2022,,,11987446.8,
BGD,fpl_2019eq_gr_2023,,,,9867067.2
BGR,fpl_2019eq_fo_2020,631586.343564492,,,
BGR,fpl_2019eq_fo_2021,,662929.623464912,,
BGR,fpl_2019eq_fo_2022,,,709774.367543251,
BGR,fpl_2019eq_fo_2023,,,,743469.428540859
BGR,fpl_2019eq_gr_2020,625757.511395011,,,
BGR,fpl_2019eq_gr_2021,,513077.083759077,,
BGR,fpl_2019eq_gr_2022,,,446100.274019737,
BGR,fpl_2019eq_gr_2023,,,,418648.601077321
BIH,fpl_2019eq_fo_2020,318341.358759163,,,
BIH,fpl_2019eq_fo_2021,,335889.472597138,,
BIH,fpl_2019eq_fo_2022,,,361420.758458245,
BIH,fpl_2019eq_fo_2023,,,,380270.277329921
BIH,fpl_2019eq_gr_2020,315403.425772298,,,
BIH,fpl_2019eq_gr_2021,,259963.026187855,,
BIH,fpl_2019eq_gr_2022,,,227156.553909817,
BIH,fpl_2019eq_gr_2023,,,,214130.687186295
BLR,fpl_2019eq_fo_2020,48963.2,,,
BLR,fpl_2019eq_fo_2021,,48864.4,,
BLR,fpl_2019eq_fo_2022,,,51579,
BLR,fpl_2019eq_fo_2023,,,,51469
BLR,fpl_2019eq_gr_2020,51788,,,
BLR,fpl_2019eq_gr_2021,,43226.2,,
BLR,fpl_2019eq_gr_2022,,,43138.8,
BLR,fpl_2019eq_gr_2023,,,,43046.8
BLZ,fpl_2019eq_fo_2020,39083.6,,,
BLZ,fpl_2019eq_fo_2021,,40945.5,,
BLZ,fpl_2019eq_fo_2022,,,41855.4,
BLZ,fpl_2019eq_fo_2023,,,,49172.8
BLZ,fpl_2019eq_gr_2020,48954,,,
BLZ,fpl_2019eq_gr_2021,,40945.5,,
BLZ,fpl_2019eq_gr_2022,,,41855.4,
BLZ,fpl_2019eq_gr_2023,,,,41342.2
BOL,fpl_2019eq_fo_2020,952380,,,
BOL,fpl_2019eq_fo_2021,,965910,,
BOL,fpl_2019eq_fo_2022,,,984188.8,
BOL,fpl_2019eq_fo_2023,,,,1035010
BOL,fpl_2019eq_gr_2020,1153245.6,,,
BOL,fpl_2019eq_gr_2021,,1105235.2,,
BOL,fpl_2019eq_gr_2022,,,1087475.2,
BOL,fpl_2019eq_gr_2023,,,,1092778
BRA,fpl_2019eq_fo_2020,23824338.2,,,
BRA,fpl_2019eq_fo_2021,,25122942.6,,
BRA,fpl_2019eq_fo_2022,,,26537910,
BRA,fpl_2019eq_fo_2023,,,,27154950.2
BRA,fpl_2019eq_gr_2020,23760179.3,,,
BRA,fpl_2019eq_gr_2021,,23185440.6,,
BRA,fpl_2019eq_gr_2022,,,22356835.2,
BRA,fpl_2019eq_gr_2023,,,,21902668.5
BTN,fpl_2019eq_fo_2020,8099.5,,,
BTN,fpl_2019eq_fo_2021,,8524.4,,
BTN,fpl_2019eq_fo_2022,,,8274.1,
BTN,fpl_2019eq_fo_2023,,,,8179.5
BTN,fpl_2019eq_gr_2020,8934.5,,,
BTN,fpl_2019eq_gr_2021,,7596,,
BTN,fpl_2019eq_gr_2022,,,6568.1,
BTN,fpl_2019eq_gr_2023,,,,5166
BWA,fpl_2019eq_fo_2020,371097.6,,,
BWA,fpl_2019eq_fo_2021,,365110.2,,
BWA,fpl_2019eq_fo_2022,,,366912,
BWA,fpl_2019eq_fo_2023,,,,424019.2
BWA,fpl_2019eq_gr_2020,349353.6,,,
BWA,fpl_2019eq_gr_2021,,345208.5,,
BWA,fpl_2019eq_gr_2022,,,332467.2,
BWA,fpl_2019eq_gr_2023,,,,319282.4
CAF,fpl_2019eq_fo_2020,3477670.7,,,
CAF,fpl_2019eq_fo_2021,,3549754.1,,
CAF,fpl_2019eq_fo_2022,,,3626784.4,
CAF,fpl_2019eq_fo_2023,,,,3709286.4
CAF,fpl_2019eq_gr_2020,3629729.6,,,
CAF,fpl_2019eq_gr_2021,,3730079.8,,
CAF,fpl_2019eq_gr_2022,,,3762782.4,
CAF,fpl_2019eq_gr_2023,,,,3869350.4
CHL,fpl_2019eq_fo_2020,164409.7,,,
CHL,fpl_2019eq_fo_2021,,167445,,
CHL,fpl_2019eq_fo_2022,,,183593.2,
CHL,fpl_2019eq_fo_2023,,,,198019.5
CHL,fpl_2019eq_gr_2020,181035.4,,,
CHL,fpl_2019eq_gr_2021,,135816.5,,
CHL,fpl_2019eq_gr_2022,,,131138,
CHL,fpl_2019eq_gr_2023,,,,137670.7
CHN-R,fpl_2019eq_fo_2020,219788.8,,,
CHN-R,fpl_2019eq_fo_2021,,214201.2,,
CHN-R,fpl_2019eq_fo_2022,,,208707.6,
CHN-R,fpl_2019eq_fo_2023,,,,203320
CHN-R,fpl_2019eq_gr_2020,219788.8,,,
CHN-R,fpl_2019eq_gr_2021,,160650.9,,
CHN-R,fpl_2019eq_gr_2022,,,156530.7,
CHN-R,fpl_2019eq_gr_2023,,,,152490
CHN-U,fpl_2019eq_fo_2020,262522.8,,,
CHN-U,fpl_2019eq_fo_2021,,178595.4,,
CHN-U,fpl_2019eq_fo_2022,,,182016.2,
CHN-U,fpl_2019eq_fo_2023,,,,277912.8
CHN-U,fpl_2019eq_gr_2020,262522.8,,,
CHN-U,fpl_2019eq_gr_2021,,178595.4,,
CHN-U,fpl_2019eq_gr_2022,,,182016.2,
CHN-U,fpl_2019eq_gr_2023,,,,185275.2
CIV,fpl_2019eq_fo_2020,607167.2,,,
CIV,fpl_2019eq_fo_2021,,727038.8,,
CIV,fpl_2019eq_fo_2022,,,833189.4,
CIV,fpl_2019eq_fo_2023,,,,853944.9
CIV,fpl_2019eq_gr_2020,497249,,,
CIV,fpl_2019eq_gr_2021,,509732,,
CIV,fpl_2019eq_gr_2022,,,514212.6,
CIV,fpl_2019eq_gr_2023,,,,439654.8
CMR,fpl_2019eq_fo_2020,7227211.22804215,,,
CMR,fpl_2019eq_fo_2021,,7422505.96700795,,
CMR,fpl_2019eq_fo_2022,,,7879480.22285301,
CMR,fpl_2019eq_fo_2023,,,,8198837.59575374
CMR,fpl_2019eq_gr_2020,7323865.99106753,,,
CMR,fpl_2019eq_gr_2021,,6919780.3280105,,
CMR,fpl_2019eq_gr_2022,,,6989168.41648592,
CMR,fpl_2019eq_gr_2023,,,,7150080.29071685
COD,fpl_2019eq_fo_2020,40474161,,,
COD,fpl_2019eq_fo_2021,,41754339.2,,
COD,fpl_2019eq_fo_2022,,,43058936.2,
COD,fpl_2019eq_fo_2023,,,,44387952
COD,fpl_2019eq_gr_2020,42801291,,,
COD,fpl_2019eq_gr_2021,,43591825.6,,
COD,fpl_2019eq_gr_2022,,,44553905.9,
COD,fpl_2019eq_gr_2023,,,,44387952
COG,fpl_2019eq_fo_2020,2325414.3,,,
COG,fpl_2019eq_fo_2021,,2412359,,
COG,fpl_2019eq_fo_2022,,,2530633.6,
COG,fpl_2019eq_fo_2023,,,,2648115.5
COG,fpl_2019eq_gr_2020,2521047.1,,,
COG,fpl_2019eq_gr_2021,,2452030.2,,
COG,fpl_2019eq_gr_2022,,,2427110.4,
COG,fpl_2019eq_gr_2023,,,,2444367.1
COL,fpl_2019eq_fo_2020,4163238,,,
COL,fpl_2019eq_fo_2021,,4642876.8,,
COL,fpl_2019eq_fo_2022,,,5799560.2,
COL,fpl_2019eq_fo_2023,,,,6395126.4
COL,fpl_2019eq_gr_2020,4454514,,,
COL,fpl_2019eq_gr_2021,,3545377.6,,
COL,fpl_2019eq_gr_2022,,,3105998,
COL,fpl_2019eq_gr_2023,,,,3079704.3
COM,fpl_2019eq_fo_2020,217771.4,,,
COM,fpl_2019eq_fo_2021,,218359.2,,
COM,fpl_2019eq_fo_2022,,,225570.9,
COM,fpl_2019eq_fo_2023,,,,230296.2
COM,fpl_2019eq_gr_2020,216120.3,,,
COM,fpl_2019eq_gr_2021,,221556,,
COM,fpl_2019eq_gr_2022,,,229652.4,
COM,fpl_2019eq_gr_2023,,,,237056
CPV,fpl_2019eq_fo_2020,5953.5,,,
CPV,fpl_2019eq_fo_2021,,5969.6,,
CPV,fpl_2019eq_fo_2022,,,7216.8,
CPV,fpl_2019eq_fo_2023,,,,9643.2
CPV,fpl_2019eq_gr_2020,15422.4,,,
CPV,fpl_2019eq_gr_2021,,12857.6,,
CPV,fpl_2019eq_gr_2022,,,5179.8,
CPV,fpl_2019eq_gr_2023,,,,4704
CRI,fpl_2019eq_fo_2020,173009.2,,,
CRI,fpl_2019eq_fo_2021,,175027.2,,
CRI,fpl_2019eq_fo_2022,,,200543.9,
CRI,fpl_2019eq_fo_2023,,,,219208
CRI,fpl_2019eq_gr_2020,201255.6,,,
CRI,fpl_2019eq_gr_2021,,203520,,
CRI,fpl_2019eq_gr_2022,,,174386,
CRI,fpl_2019eq_gr_2023,,,,161304
CUB,fpl_2019eq_fo_2020,1218721.03517423,,,
CUB,fpl_2019eq_fo_2021,,1265172.18158439,,
CUB,fpl_2019eq_fo_2022,,,1358964.3309956,
CUB,fpl_2019eq_fo_2023,,,,1408240.58363497
CUB,fpl_2019eq_gr_2020,1331560.46355099,,,
CUB,fpl_2019eq_gr_2021,,1203747.98658913,,
CUB,fpl_2019eq_gr_2022,,,1121470.51388903,
CUB,fpl_2019eq_gr_2023,,,,1102406.66522995
CZE,fpl_2019eq_fo_2020,967674.004484328,,,
CZE,fpl_2019eq_fo_2021,,1022866.1659788,,
CZE,fpl_2019eq_fo_2022,,,1102618.5090181,
CZE,fpl_2019eq_fo_2023,,,,1163134.6122992
CZE,fpl_2019eq_gr_2020,958743.460902472,,,
CZE,fpl_2019eq_gr_2021,,791651.437709522,,
CZE,fpl_2019eq_gr_2022,,,693006.737781684,
CZE,fpl_2019eq_gr_2023,,,,654962.6112527
DJI,fpl_2019eq_fo_2020,320500,,,
DJI,fpl_2019eq_fo_2021,,329651.4,,
DJI,fpl_2019eq_fo_2022,,,362164.4,
DJI,fpl_2019eq_fo_2023,,,,365599.2
DJI,fpl_2019eq_gr_2020,263400,,,
DJI,fpl_2019eq_gr_2021,,252283.2,,
DJI,fpl_2019eq_gr_2022,,,248981.6,
DJI,fpl_2019eq_gr_2023,,,,240158.7
DMA,fpl_2019eq_fo_2020,7950.94621068784,,,
DMA,fpl_2019eq_fo_2021,,8361.86501438502,,
DMA,fpl_2019eq_fo_2022,,,8859.72920937673,
DMA,fpl_2019eq_fo_2023,,,,9300.1637431576
DMA,fpl_2019eq_gr_2020,8687.11158370951,,,
DMA,fpl_2019eq_gr_2021,,7955.89590231965,,
DMA,fpl_2019eq_gr_2022,,,7311.39504013188,
DMA,fpl_2019eq_gr_2023,,,,7280.40550551583
DOM,fpl_2019eq_fo_2020,299916,,,
DOM,fpl_2019eq_fo_2021,,308495,,
DOM,fpl_2019eq_fo_2022,,,332925.6,
DOM,fpl_2019eq_fo_2023,,,,354330
DOM,fpl_2019eq_gr_2020,313245.6,,,
DOM,fpl_2019eq_gr_2021,,268110.2,,
DOM,fpl_2019eq_gr_2022,,,244598.4,
DOM,fpl_2019eq_gr_2023,,,,219456
DZA,fpl_2019eq_fo_2020,181998.6,,,
DZA,fpl_2019eq_fo_2021,,202257.4,,
DZA,fpl_2019eq_fo_2022,,,231842,
DZA,fpl_2019eq_fo_2023,,,,257520.3
DZA,fpl_2019eq_gr_2020,229664.9,,,
DZA,fpl_2019eq_gr_2021,,215448.1,,
DZA,fpl_2019eq_gr_2022,,,209549.5,
DZA,fpl_2019eq_gr_2023,,,,198787.6
ECU,fpl_2019eq_fo_2020,1277663.2,,,
ECU,fpl_2019eq_fo_2021,,1261382.4,,
ECU,fpl_2019eq_fo_2022,,,1342120,
ECU,fpl_2019eq_fo_2023,,,,1402578.4
ECU,fpl_2019eq_gr_2020,1513432.8,,,
ECU,fpl_2019eq_gr_2021,,1294761.6,,
ECU,fpl_2019eq_gr_2022,,,1233540,
ECU,fpl_2019eq_gr_2023,,,,1249340.4
EGY,fpl_2019eq_fo_2020,8255868.2,,,
EGY,fpl_2019eq_fo_2021,,8207852.8,,
EGY,fpl_2019eq_fo_2022,,,11801534.4,
EGY,fpl_2019eq_fo_2023,,,,21115250.1
EGY,fpl_2019eq_gr_2020,8204397.7,,,
EGY,fpl_2019eq_gr_2021,,6909672,,
EGY,fpl_2019eq_gr_2022,,,6651000,
EGY,fpl_2019eq_gr_2023,,,,6173480.7
ERI,fpl_2019eq_fo_2020,1512316.01335664,,,
ERI,fpl_2019eq_fo_2021,,1549318.77829366,,
ERI,fpl_2019eq_fo_2022,,,1640366.88242173,
ERI,fpl_2019eq_fo_2023,,,,1701883.48004575
ERI,fpl_2019eq_gr_2020,1532541.31759616,,,
ERI,fpl_2019eq_gr_2021,,1444383.5614962,,
ERI,fpl_2019eq_gr_2022,,,1455019.88479136,
ERI,fpl_2019eq_gr_2023,,,,1484186.43321755
EST,fpl_2019eq_fo_2020,118308.681071158,,,
EST,fpl_2019eq_fo_2021,,124756.198728089,,
EST,fpl_2019eq_fo_2022,,,134093.842377765,
EST,fpl_2019eq_fo_2023,,,,141055.651072883
EST,fpl_2019eq_gr_2020,117216.824901083,,,
EST,fpl_2019eq_gr_2021,,96555.5684323161,,
EST,fpl_2019eq_gr_2022,,,84279.3182798832,
EST,fpl_2019eq_gr_2023,,,,79428.6203692473
ETH,fpl_2019eq_fo_2020,32982007.5,,,
ETH,fpl_2019eq_fo_2021,,36398421.6,,
ETH,fpl_2019eq_fo_2022,,,38902417.5,
ETH,fpl_2019eq_fo_2023,,,,37321043.1
ETH,fpl_2019eq_gr_2020,27321505.7,,,
ETH,fpl_2019eq_gr_2021,,24142516.8,,
ETH,fpl_2019eq_gr_2022,,,22821964.5,
ETH,fpl_2019eq_gr_2023,,,,21600564.9
FJI,fpl_2019eq_fo_2020,256502.4,,,
FJI,fpl_2019eq_fo_2021,,302622,,
FJI,fpl_2019eq_fo_2022,,,317865.6,
FJI,fpl_2019eq_fo_2023,,,,357960
FJI,fpl_2019eq_gr_2020,374220,,,
FJI,fpl_2019eq_gr_2021,,409665,,
FJI,fpl_2019eq_gr_2022,,,300268.8,
FJI,fpl_2019eq_gr_2023,,,,259803.6
FSM,fpl_2019eq_fo_2020,8089.2,,,
FSM,fpl_2019eq_fo_2021,,7924.3,,
FSM,fpl_2019eq_fo_2022,,,8164.1,
FSM,fpl_2019eq_fo_2023,,,,8491.5
FSM,fpl_2019eq_gr_2020,8780.4,,,
FSM,fpl_2019eq_gr_2021,,9003.4,,
FSM,fpl_2019eq_gr_2022,,,9003.4,
FSM,fpl_2019eq_gr_2023,,,,9024.3
GAB,fpl_2019eq_fo_2020,182619.9,,,
GAB,fpl_2019eq_fo_2021,,187587,,
GAB,fpl_2019eq_fo_2022,,,200972.4,
GAB,fpl_2019eq_fo_2023,,,,218026.5
GAB,fpl_2019eq_gr_2020,203054.4,,,
GAB,fpl_2019eq_gr_2021,,227737.2,,
GAB,fpl_2019eq_gr_2022,,,251103.6,
GAB,fpl_2019eq_gr_2023,,,,243139.5
GEO,fpl_2019eq_fo_2020,640215.8,,,
GEO,fpl_2019eq_fo_2021,,653961.6,,
GEO,fpl_2019eq_fo_2022,,,738378,
GEO,fpl_2019eq_fo_2023,,,,804246.3
GEO,fpl_2019eq_gr_2020,454623.4,,,
GEO,fpl_2019eq_gr_2021,,319204.8,,
GEO,fpl_2019eq_gr_2022,,,337987.2,
GEO,fpl_2019eq_gr_2023,,,,288416.7
GHA,fpl_2019eq_fo_2020,2633903.8,,,
GHA,fpl_2019eq_fo_2021,,2695026.6,,
GHA,fpl_2019eq_fo_2022,,,2878418.2,
GHA,fpl_2019eq_fo_2023,,,,3077043
GHA,fpl_2019eq_gr_2020,2707665.4,,,
GHA,fpl_2019eq_gr_2021,,2836209.6,,
GHA,fpl_2019eq_gr_2022,,,2833593,
GHA,fpl_2019eq_gr_2023,,,,2952916
GIN,fpl_2019eq_fo_2020,2710322.1,,,
GIN,fpl_2019eq_fo_2021,,3061870,,
GIN,fpl_2019eq_fo_2022,,,3424785,
GIN,fpl_2019eq_fo_2023,,,,4157440
GIN,fpl_2019eq_gr_2020,2475180,,,
GIN,fpl_2019eq_gr_2021,,2473483,,
GIN,fpl_2019eq_gr_2022,,,2300077.5,
GIN,fpl_2019eq_gr_2023,,,,2182656
GMB,fpl_2019eq_fo_2020,329962.7,,,
GMB,fpl_2019eq_fo_2021,,358248,,
GMB,fpl_2019eq_fo_2022,,,391960.5,
GMB,fpl_2019eq_fo_2023,,,,429062.4
GMB,fpl_2019eq_gr_2020,356332.2,,,
GMB,fpl_2019eq_gr_2021,,357540,,
GMB,fpl_2019eq_gr_2022,,,359924.1,
GMB,fpl_2019eq_gr_2023,,,,352684.8
GNB,fpl_2019eq_fo_2020,556817.383415551,,,
GNB,fpl_2019eq_fo_2021,,571197.994229598,,
GNB,fpl_2019eq_fo_2022,,,605425.072293703,
GNB,fpl_2019eq_fo_2023,,,,628784.797728431
GNB,fpl_2019eq_gr_2020,564264.108098735,,,
GNB,fpl_2019eq_gr_2021,,532510.807190678,,
GNB,fpl_2019eq_gr_2022,,,537017.376038509,
GNB,fpl_2019eq_gr_2023,,,,548353.560713154
GNQ,fpl_2019eq_fo_2020,391442.620541133,,,
GNQ,fpl_2019eq_fo_2021,,404970.452940125,,
GNQ,fpl_2019eq_fo_2022,,,432694.064072503,
GNQ,fpl_2019eq_fo_2023,,,,453112.179333221
GNQ,fpl_2019eq_gr_2020,396677.66799341,,,
GNQ,fpl_2019eq_gr_2021,,377541.841816828,,
GNQ,fpl_2019eq_gr_2022,,,383803.449096225,
GNQ,fpl_2019eq_gr_2023,,,,395152.169450477
GRD,fpl_2019eq_fo_2020,11555.375159533,,,
GRD,fpl_2019eq_fo_2021,,11992.6748232627,,
GRD,fpl_2019eq_fo_2022,,,13112.3992298776,
GRD,fpl_2019eq_fo_2023,,,,13583.1338880328
GRD,fpl_2019eq_gr_2020,12625.2688349912,,,
GRD,fpl_2019eq_gr_2021,,11410.4296493795,,
GRD,fpl_2019eq_gr_2022,,,10820.8646593952,
GRD,fpl_2019eq_gr_2023,,,,10633.2238304244
GTM,fpl_2019eq_fo_2020,4361328.5,,,
GTM,fpl_2019eq_fo_2021,,4491672.8,,
GTM,fpl_2019eq_fo_2022,,,4765000.5,
GTM,fpl_2019eq_fo_2023,,,,5028169
GTM,fpl_2019eq_gr_2020,4395359.4,,,
GTM,fpl_2019eq_gr_2021,,4022802,,
GTM,fpl_2019eq_gr_2022,,,3917889.3,
GTM,fpl_2019eq_gr_2023,,,,3893569
GUY,fpl_2019eq_fo_2020,74670.4,,,
GUY,fpl_2019eq_fo_2021,,75048,,
GUY,fpl_2019eq_fo_2022,,,75425.6,
GUY,fpl_2019eq_fo_2023,,,,75803.2
GUY,fpl_2019eq_gr_2020,50228.5,,,
GUY,fpl_2019eq_gr_2021,,44758.5,,
GUY,fpl_2019eq_gr_2022,,,31720.3,
GUY,fpl_2019eq_gr_2023,,,,26579.3
HND,fpl_2019eq_fo_2020,3305431.9,,,
HND,fpl_2019eq_fo_2021,,3312036.4,,
HND,fpl_2019eq_fo_2022,,,3492927.9,
HND,fpl_2019eq_fo_2023,,,,3686482.8
HND,fpl_2019eq_gr_2020,3546463.1,,,
HND,fpl_2019eq_gr_2021,,3166962.1,,
HND,fpl_2019eq_gr_2022,,,3083232.6,
HND,fpl_2019eq_gr_2023,,,,3086806.8
HRV,fpl_2019eq_fo_2020,374583.485606837,,,
HRV,fpl_2019eq_fo_2021,,393698.628677,,
HRV,fpl_2019eq_fo_2022,,,421985.958727862,
HRV,fpl_2019eq_fo_2023,,,,442864.406432861
HRV,fpl_2019eq_gr_2020,371126.500994505,,,
HRV,fpl_2019eq_gr_2021,,304704.658129121,,
HRV,fpl_2019eq_gr_2022,,,265222.386760127,
HRV,fpl_2019eq_gr_2023,,,,249377.522602284
HTI,fpl_2019eq_fo_2020,2291458,,,
HTI,fpl_2019eq_fo_2021,,2444474.8,,
HTI,fpl_2019eq_fo_2022,,,2533814,
HTI,fpl_2019eq_fo_2023,,,,2618183.4
HTI,fpl_2019eq_gr_2020,2380159.6,,,
HTI,fpl_2019eq_gr_2021,,2406531.4,,
HTI,fpl_2019eq_gr_2022,,,2537300.9,
HTI,fpl_2019eq_gr_2023,,,,2674564.2
HUN,fpl_2019eq_fo_2020,875575.246604319,,,
HUN,fpl_2019eq_fo_2021,,922157.037167456,,
HUN,fpl_2019eq_fo_2022,,,990510.663998479,
HUN,fpl_2019eq_fo_2023,,,,1041229.26296236
HUN,fpl_2019eq_gr_2020,867494.671056398,,,
HUN,fpl_2019eq_gr_2021,,713707.197039795,,
HUN,fpl_2019eq_gr_2022,,,622545.838276229,
HUN,fpl_2019eq_gr_2023,,,,586317.550669812
IDN-R,fpl_2019eq_fo_2020,5783666,,,
IDN-R,fpl_2019eq_fo_2021,,6092489.1,,
IDN-R,fpl_2019eq_fo_2022,,,6698637.4,
IDN-R,fpl_2019eq_fo_2023,,,,6830691.9
IDN-R,fpl_2019eq_gr_2020,5830879.6,,,
IDN-R,fpl_2019eq_gr_2021,,5435110.7,,
IDN-R,fpl_2019eq_gr_2022,,,4212906.1,
IDN-R,fpl_2019eq_gr_2023,,,,3386353.2
IDN-U,fpl_2019eq_fo_2020,1017647.4,,,
IDN-U,fpl_2019eq_fo_2021,,1133748,,
IDN-U,fpl_2019eq_fo_2022,,,1350081.6,
IDN-U,fpl_2019eq_fo_2023,,,,1442874.4
IDN-U,fpl_2019eq_gr_2020,1033066.3,,,
IDN-U,fpl_2019eq_gr_2021,,929043.5,,
IDN-U,fpl_2019eq_gr_2022,,,578606.4,
IDN-U,fpl_2019eq_gr_2023,,,,442700.1
IND-R,fpl_2019eq_fo_2020,18272009.7,,,
IND-R,fpl_2019eq_fo_2021,,17334393.6,,
IND-R,fpl_2019eq_fo_2022,,,17921178,
IND-R,fpl_2019eq_fo_2023,,,,17412844.8
IND-R,fpl_2019eq_gr_2020,21872405.7,,,
IND-R,fpl_2019eq_gr_2021,,12549378.7,,
IND-R,fpl_2019eq_gr_2022,,,8508034,
IND-R,fpl_2019eq_gr_2023,,,,7436735.8
IND-U,fpl_2019eq_fo_2020,11304516.6,,,
IND-U,fpl_2019eq_fo_2021,,10979898,,
IND-U,fpl_2019eq_fo_2022,,,11543754,
IND-U,fpl_2019eq_fo_2023,,,,11349434.1
IND-U,fpl_2019eq_gr_2020,12995363.1,,,
IND-U,fpl_2019eq_gr_2021,,8655325,,
IND-U,fpl_2019eq_gr_2022,,,6683226,
IND-U,fpl_2019eq_gr_2023,,,,5959748.5
IRN,fpl_2019eq_fo_2020,3577566.4,,,
IRN,fpl_2019eq_fo_2021,,4822417.6,,
IRN,fpl_2019eq_fo_2022,,,6807058.2,
IRN,fpl_2019eq_fo_2023,,,,7353813.1
IRN,fpl_2019eq_gr_2020,3853406.8,,,
IRN,fpl_2019eq_gr_2021,,3515643.6,,
IRN,fpl_2019eq_gr_2022,,,3297301.6,
IRN,fpl_2019eq_gr_2023,,,,3133289.4
IRQ,fpl_2019eq_fo_2020,365226.4,,,
IRQ,fpl_2019eq_fo_2021,,353679.6,,
IRQ,fpl_2019eq_fo_2022,,,393624,
IRQ,fpl_2019eq_fo_2023,,,,453237.5
IRQ,fpl_2019eq_gr_2020,369376.7,,,
IRQ,fpl_2019eq_gr_2021,,336634.8,,
IRQ,fpl_2019eq_gr_2022,,,266789.6,
IRQ,fpl_2019eq_gr_2023,,,,385925
JAM,fpl_2019eq_fo_2020,515601,,,
JAM,fpl_2019eq_fo_2021,,516663,,
JAM,fpl_2019eq_fo_2022,,,546203.2,
JAM,fpl_2019eq_fo_2023,,,,565982.4
JAM,fpl_2019eq_gr_2020,633577.5,,,
JAM,fpl_2019eq_gr_2021,,606276.3,,
JAM,fpl_2019eq_gr_2022,,,571057.2,
JAM,fpl_2019eq_gr_2023,,,,551928
JOR,fpl_2019eq_fo_2020,1777386.9,,,
JOR,fpl_2019eq_fo_2021,,1733760,,
JOR,fpl_2019eq_fo_2022,,,1707460.5,
JOR,fpl_2019eq_fo_2023,,,,1583668.8
JOR,fpl_2019eq_gr_2020,1792700.4,,,
JOR,fpl_2019eq_gr_2021,,1743048,,
JOR,fpl_2019eq_gr_2022,,,1658557,
JOR,fpl_2019eq_gr_2023,,,,1551199.4
KAZ,fpl_2019eq_fo_2020,118295.1,,,
KAZ,fpl_2019eq_fo_2021,,138386.1,,
KAZ,fpl_2019eq_fo_2022,,,168352.8,
KAZ,fpl_2019eq_fo_2023,,,,185251.2
KAZ,fpl_2019eq_gr_2020,127683.6,,,
KAZ,fpl_2019eq_gr_2021,,98576.4,,
KAZ,fpl_2019eq_gr_2022,,,89915.7,
KAZ,fpl_2019eq_gr_2023,,,,77188
KEN,fpl_2019eq_fo_2020,17663058.4,,,
KEN,fpl_2019eq_fo_2021,,18904923.1,,
KEN,fpl_2019eq_fo_2022,,,21131697.6,
KEN,fpl_2019eq_fo_2023,,,,22188907
KEN,fpl_2019eq_gr_2020,18508232,,,
KEN,fpl_2019eq_gr_2021,,17666872.5,,
KEN,fpl_2019eq_gr_2022,,,17660221.8,
KEN,fpl_2019eq_gr_2023,,,,17109449.5
KGZ,fpl_2019eq_fo_2020,113436,,,
KGZ,fpl_2019eq_fo_2021,,144233.2,,
KGZ,fpl_2019eq_fo_2022,,,164704.5,
KGZ,fpl_2019eq_fo_2023,,,,166617
KGZ,fpl_2019eq_gr_2020,143055.4,,,
KGZ,fpl_2019eq_gr_2021,,52332.4,,
KGZ,fpl_2019eq_gr_2022,,,42629.4,
KGZ,fpl_2019eq_gr_2023,,,,40510.8
KHM,fpl_2019eq_fo_2020,181428.944093099,,,
KHM,fpl_2019eq_fo_2021,,189245.05185473,,
KHM,fpl_2019eq_fo_2022,,,196915.792548717,
KHM,fpl_2019eq_fo_2023,,,,209970.522919767
KHM,fpl_2019eq_gr_2020,208595.920362992,,,
KHM,fpl_2019eq_gr_2021,,217463.146855792,,
KHM,fpl_2019eq_gr_2022,,,180552.110807451,
KHM,fpl_2019eq_gr_2023,,,,166101.366606768
KIR,fpl_2019eq_fo_2020,8759.6,,,
KIR,fpl_2019eq_fo_2021,,9089.2,,
KIR,fpl_2019eq_fo_2022,,,9387,
KIR,fpl_2019eq_fo_2023,,,,10035.2
KIR,fpl_2019eq_gr_2020,8881.6,,,
KIR,fpl_2019eq_gr_2021,,6919.2,,
KIR,fpl_2019eq_gr_2022,,,7119,
KIR,fpl_2019eq_gr_2023,,,,7052.8
LAO,fpl_2019eq_fo_2020,553138,,,
LAO,fpl_2019eq_fo_2021,,549082.8,,
LAO,fpl_2019eq_fo_2022,,,534190.8,
LAO,fpl_2019eq_fo_2023,,,,632420.1
LAO,fpl_2019eq_gr_2020,519462.5,,,
LAO,fpl_2019eq_gr_2021,,519304.5,,
LAO,fpl_2019eq_gr_2022,,,506966.2,
LAO,fpl_2019eq_gr_2023,,,,449174.7
LBN,fpl_2019eq_fo_2020,3612,,,
LBN,fpl_2019eq_fo_2021,,59580,,
LBN,fpl_2019eq_fo_2022,,,136887.5,
LBN,fpl_2019eq_fo_2023,,,,134743.9
LBN,fpl_2019eq_gr_2020,0,,,
LBN,fpl_2019eq_gr_2021,,0,,
LBN,fpl_2019eq_gr_2022,,,0,
LBN,fpl_2019eq_gr_2023,,,,0
LBR,fpl_2019eq_fo_2020,3525843.2,,,
LBR,fpl_2019eq_fo_2021,,3470385.6,,
LBR,fpl_2019eq_fo_2022,,,3541188.9,
LBR,fpl_2019eq_fo_2023,,,,3643298.4
LBR,fpl_2019eq_gr_2020,3569227.2,,,
LBR,fpl_2019eq_gr_2021,,3615312,,
LBR,fpl_2019eq_gr_2022,,,3631287.3,
LBR,fpl_2019eq_gr_2023,,,,3654840
LBY,fpl_2019eq_fo_2020,693429.805841978,,,
LBY,fpl_2019eq_fo_2021,,697611.245666603,,
LBY,fpl_2019eq_fo_2022,,,777760.874829571,
LBY,fpl_2019eq_fo_2023,,,,941206.813405224
LBY,fpl_2019eq_gr_2020,880639.84780709,,,
LBY,fpl_2019eq_gr_2021,,870458.172898571,,
LBY,fpl_2019eq_gr_2022,,,874344.48233143,
LBY,fpl_2019eq_gr_2023,,,,884735.652049693
LCA,fpl_2019eq_fo_2020,14480,,,
LCA,fpl_2019eq_fo_2021,,13937,,
LCA,fpl_2019eq_fo_2022,,,13779.9,
LCA,fpl_2019eq_fo_2023,,,,14640
LCA,fpl_2019eq_gr_2020,18950.7,,,
LCA,fpl_2019eq_gr_2021,,16959.7,,
LCA,fpl_2019eq_gr_2022,,,14640,
LCA,fpl_2019eq_gr_2023,,,,14182.5
LKA,fpl_2019eq_fo_2020,533425.2,,,
LKA,fpl_2019eq_fo_2021,,655526,,
LKA,fpl_2019eq_fo_2022,,,882086.4,
LKA,fpl_2019eq_fo_2023,,,,718554.2
LKA,fpl_2019eq_gr_2020,558726,,,
LKA,fpl_2019eq_gr_2021,,513847.8,,
LKA,fpl_2019eq_gr_2022,,,824835.6,
LKA,fpl_2019eq_gr_2023,,,,829101
LSO,fpl_2019eq_fo_2020,235915.2,,,
LSO,fpl_2019eq_fo_2021,,258610,,
LSO,fpl_2019eq_fo_2022,,,263814.8,
LSO,fpl_2019eq_fo_2023,,,,271253.4
LSO,fpl_2019eq_gr_2020,194119.2,,,
LSO,fpl_2019eq_gr_2021,,195838.3,,
LSO,fpl_2019eq_gr_2022,,,194527.7,
LSO,fpl_2019eq_gr_2023,,,,193683.6
LTU,fpl_2019eq_fo_2020,259551.044934572,,,
LTU,fpl_2019eq_fo_2021,,273174.714254259,,
LTU,fpl_2019eq_fo_2022,,,293284.908154926,
LTU,fpl_2019eq_fo_2023,,,,307936.85191551
LTU,fpl_2019eq_gr_2020,257155.680475299,,,
LTU,fpl_2019eq_gr_2021,,211424.683383021,,
LTU,fpl_2019eq_gr_2022,,,184332.491953217,
LTU,fpl_2019eq_gr_2023,,,,173399.641364672
LVA,fpl_2019eq_fo_2020,172275.640975156,,,
LVA,fpl_2019eq_fo_2021,,180353.024375611,,
LVA,fpl_2019eq_fo_2022,,,192792.307022634,
LVA,fpl_2019eq_fo_2023,,,,201570.604558767
LVA,fpl_2019eq_gr_2020,170685.730413654,,,
LVA,fpl_2019eq_gr_2021,,139584.958219424,,
LVA,fpl_2019eq_gr_2022,,,121171.88915878,
LVA,fpl_2019eq_gr_2023,,,,113504.669294146
MAR,fpl_2019eq_fo_2020,48192.3,,,
MAR,fpl_2019eq_fo_2021,,48747.4,,
MAR,fpl_2019eq_fo_2022,,,53079.6,
MAR,fpl_2019eq_fo_2023,,,,65142.3
MAR,fpl_2019eq_gr_2020,59313.6,,,
MAR,fpl_2019eq_gr_2021,,48747.4,,
MAR,fpl_2019eq_gr_2022,,,49288.2,
MAR,fpl_2019eq_gr_2023,,,,49814.7
MDA,fpl_2019eq_fo_2020,1931050.8,,,
MDA,fpl_2019eq_fo_2021,,1995691.5,,
MDA,fpl_2019eq_fo_2022,,,2077315.5,
MDA,fpl_2019eq_fo_2023,,,,2097867.5
MDA,fpl_2019eq_gr_2020,2047974.6,,,
MDA,fpl_2019eq_gr_2021,,1372113,,
MDA,fpl_2019eq_gr_2022,,,1476270.9,
MDA,fpl_2019eq_gr_2023,,,,1357747.8
MDG,fpl_2019eq_fo_2020,17689010.8,,,
MDG,fpl_2019eq_fo_2021,,18394464.6,,
MDG,fpl_2019eq_fo_2022,,,19078186.4,
MDG,fpl_2019eq_fo_2023,,,,19824943.6
MDG,fpl_2019eq_gr_2020,17794236.6,,,
MDG,fpl_2019eq_gr_2021,,18198325.2,,
MDG,fpl_2019eq_gr_2022,,,18643464,
MDG,fpl_2019eq_gr_2023,,,,19034580.4
MDV,fpl_2019eq_fo_2020,14845.2753969718,,,
MDV,fpl_2019eq_fo_2021,,14585.172017606,,
MDV,fpl_2019eq_fo_2022,,,15123.7437770977,
MDV,fpl_2019eq_fo_2023,,,,14897.8740302752
MDV,fpl_2019eq_gr_2020,15982.1738727547,,,
MDV,fpl_2019eq_gr_2021,,10782.7848304431,,
MDV,fpl_2019eq_gr_2022,,,8153.4237479818,
MDV,fpl_2019eq_gr_2023,,,,7068.83928505116
MEX,fpl_2019eq_fo_2020,14980053,,,
MEX,fpl_2019eq_fo_2021,,15650390.4,,
MEX,fpl_2019eq_fo_2022,,,17464484.4,
MEX,fpl_2019eq_fo_2023,,,,18341629.8
MEX,fpl_2019eq_gr_2020,17871645,,,
MEX,fpl_2019eq_gr_2021,,15772236,,
MEX,fpl_2019eq_gr_2022,,,14234376,
MEX,fpl_2019eq_gr_2023,,,,13804635.4
MHL,fpl_2019eq_fo_2020,575.275742562622,,,
MHL,fpl_2019eq_fo_2021,,603.118083106433,,
MHL,fpl_2019eq_fo_2022,,,607.941807251238,
MHL,fpl_2019eq_fo_2023,,,,640.117211087009
MHL,fpl_2019eq_gr_2020,661.416917693004,,,
MHL,fpl_2019eq_gr_2021,,693.048272557409,,
MHL,fpl_2019eq_gr_2022,,,557.421906727727,
MHL,fpl_2019eq_gr_2023,,,,506.377476569381
MKD,fpl_2019eq_fo_2020,131544,,,
MKD,fpl_2019eq_fo_2021,,131607,,
MKD,fpl_2019eq_fo_2022,,,137874,
MKD,fpl_2019eq_fo_2023,,,,155914
MKD,fpl_2019eq_gr_2020,135302.4,,,
MKD,fpl_2019eq_gr_2021,,125131.1,,
MKD,fpl_2019eq_gr_2022,,,115103.9,
MKD,fpl_2019eq_gr_2023,,,,113278
MLI,fpl_2019eq_fo_2020,718089,,,
MLI,fpl_2019eq_fo_2021,,783450,,
MLI,fpl_2019eq_fo_2022,,,976781,
MLI,fpl_2019eq_fo_2023,,,,976947.3
MLI,fpl_2019eq_gr_2020,705918,,,
MLI,fpl_2019eq_gr_2021,,727041.6,,
MLI,fpl_2019eq_gr_2022,,,772388.5,
MLI,fpl_2019eq_gr_2023,,,,746556.1
MMR,fpl_2019eq_fo_2020,1260584,,,
MMR,fpl_2019eq_fo_2021,,1221444.9,,
MMR,fpl_2019eq_fo_2022,,,1158955.2,
MMR,fpl_2019eq_fo_2023,,,,1218585.2
MMR,fpl_2019eq_gr_2020,1194814.4,,,
MMR,fpl_2019eq_gr_2021,,2879514.9,,
MMR,fpl_2019eq_gr_2022,,,2763662.4,
MMR,fpl_2019eq_gr_2023,,,,2605638.4
MNE,fpl_2019eq_fo_2020,82089,,,
MNE,fpl_2019eq_fo_2021,,83342.5,,
MNE,fpl_2019eq_fo_2022,,,100073.9,
MNE,fpl_2019eq_fo_2023,,,,104602.7
MNE,fpl_2019eq_gr_2020,88704,,,
MNE,fpl_2019eq_gr_2021,,81329.7,,
MNE,fpl_2019eq_gr_2022,,,66233.7,
MNE,fpl_2019eq_gr_2023,,,,63780.6
MNG,fpl_2019eq_fo_2020,71560.7,,,
MNG,fpl_2019eq_fo_2021,,96229.6,,
MNG,fpl_2019eq_fo_2022,,,109952.8,
MNG,fpl_2019eq_fo_2023,,,,121508.5
MNG,fpl_2019eq_gr_2020,65142.7,,,
MNG,fpl_2019eq_gr_2021,,90052.7,,
MNG,fpl_2019eq_gr_2022,,,71765.6,
MNG,fpl_2019eq_gr_2023,,,,63916.8
MOZ,fpl_2019eq_fo_2020,21039620.8,,,
MOZ,fpl_2019eq_fo_2021,,22320591,,
MOZ,fpl_2019eq_fo_2022,,,23345627.2,
MOZ,fpl_2019eq_fo_2023,,,,24757520.4
MOZ,fpl_2019eq_gr_2020,21265783.8,,,
MOZ,fpl_2019eq_gr_2021,,21313722,,
MOZ,fpl_2019eq_gr_2022,,,21715670.5,
MOZ,fpl_2019eq_gr_2023,,,,21711576
MRT,fpl_2019eq_fo_2020,593216,,,
MRT,fpl_2019eq_fo_2021,,646874.4,,
MRT,fpl_2019eq_fo_2022,,,741864.2,
MRT,fpl_2019eq_fo_2023,,,,790512
MRT,fpl_2019eq_gr_2020,596564.8,,,
MRT,fpl_2019eq_gr_2021,,608592,,
MRT,fpl_2019eq_gr_2022,,,624092,
MRT,fpl_2019eq_gr_2023,,,,606816
MUS,fpl_2019eq_fo_2020,354692.673235706,,,
MUS,fpl_2019eq_fo_2021,,355883.125311019,,
MUS,fpl_2019eq_fo_2022,,,369436.387148686,
MUS,fpl_2019eq_fo_2023,,,,375393.909091601
MUS,fpl_2019eq_gr_2020,359436.236858894,,,
MUS,fpl_2019eq_gr_2021,,331779.194323879,,
MUS,fpl_2019eq_gr_2022,,,327693.332038766,
MUS,fpl_2019eq_gr_2023,,,,327375.260127256
MWI,fpl_2019eq_fo_2020,2995946.8,,,
MWI,fpl_2019eq_fo_2021,,3239402.7,,
MWI,fpl_2019eq_fo_2022,,,3795942,
MWI,fpl_2019eq_fo_2023,,,,4481545.2
MWI,fpl_2019eq_gr_2020,2797163.6,,,
MWI,fpl_2019eq_gr_2021,,2761731.6,,
MWI,fpl_2019eq_gr_2022,,,2983138.6,
MWI,fpl_2019eq_gr_2023,,,,3216219.6
MYS,fpl_2019eq_fo_2020,39442.8,,,
MYS,fpl_2019eq_fo_2021,,36617.9,,
MYS,fpl_2019eq_fo_2022,,,50566.5,
MYS,fpl_2019eq_fo_2023,,,,58022.7
MYS,fpl_2019eq_gr_2020,55877.3,,,
MYS,fpl_2019eq_gr_2021,,49933.5,,
MYS,fpl_2019eq_gr_2022,,,23597.7,
MYS,fpl_2019eq_gr_2023,,,,20478.6
NAM,fpl_2019eq_fo_2020,289280.8,,,
NAM,fpl_2019eq_fo_2021,,306186.3,,
NAM,fpl_2019eq_fo_2022,,,322409.4,
NAM,fpl_2019eq_fo_2023,,,,357338.9
NAM,fpl_2019eq_gr_2020,337539.2,,,
NAM,fpl_2019eq_gr_2021,,290780.7,,
NAM,fpl_2019eq_gr_2022,,,243560.8,
NAM,fpl_2019eq_gr_2023,,,,243185
NER,fpl_2019eq_fo_2020,3238087.5,,,
NER,fpl_2019eq_fo_2021,,3815915.6,,
NER,fpl_2019eq_fo_2022,,,4324338,
NER,fpl_2019eq_fo_2023,,,,4226512.4
NER,fpl_2019eq_gr_2020,2616952.5,,,
NER,fpl_2019eq_gr_2021,,3135752.4,,
NER,fpl_2019eq_gr_2022,,,3514011.6,
NER,fpl_2019eq_gr_2023,,,,3616945.2
NGA,fpl_2019eq_fo_2020,35107855.9,,,
NGA,fpl_2019eq_fo_2021,,38885103.3,,
NGA,fpl_2019eq_fo_2022,,,41634048,
NGA,fpl_2019eq_fo_2023,,,,43713813.4
NGA,fpl_2019eq_gr_2020,36159236.2,,,
NGA,fpl_2019eq_gr_2021,,21292712.9,,
NGA,fpl_2019eq_gr_2022,,,21554293.6,
NGA,fpl_2019eq_gr_2023,,,,21812436.9
NIC,fpl_2019eq_fo_2020,355501.8,,,
NIC,fpl_2019eq_fo_2021,,365528.4,,
NIC,fpl_2019eq_fo_2022,,,390022.4,
NIC,fpl_2019eq_fo_2023,,,,413598.2
NIC,fpl_2019eq_gr_2020,361918.8,,,
NIC,fpl_2019eq_gr_2021,,329882.9,,
NIC,fpl_2019eq_gr_2022,,,290553.6,
NIC,fpl_2019eq_gr_2023,,,,270226.3
NPL,fpl_2019eq_fo_2020,574940,,,
NPL,fpl_2019eq_fo_2021,,580982,,
NPL,fpl_2019eq_fo_2022,,,583915.5,
NPL,fpl_2019eq_fo_2023,,,,452501.5
NPL,fpl_2019eq_gr_2020,438770,,,
NPL,fpl_2019eq_gr_2021,,336358,,
NPL,fpl_2019eq_gr_2022,,,278055,
NPL,fpl_2019eq_gr_2023,,,,302707.9
NRU,fpl_2019eq_fo_2020,119.396852229978,,,
NRU,fpl_2019eq_fo_2021,,122.857387299459,,
NRU,fpl_2019eq_fo_2022,,,126.176601504974,
NRU,fpl_2019eq_fo_2023,,,,132.854515508624
NRU,fpl_2019eq_gr_2020,137.27520933251,,,
NRU,fpl_2019eq_gr_2021,,141.176499965398,,
NRU,fpl_2019eq_gr_2022,,,115.69133913217,
NRU,fpl_2019eq_gr_2023,,,,105.097212118173
PAK,fpl_2019eq_fo_2020,6739011.14932293,,,
PAK,fpl_2019eq_fo_2021,,6652939.95943733,,
PAK,fpl_2019eq_fo_2022,,,6915395.92573797,
PAK,fpl_2019eq_fo_2023,,,,6827207.3661497
PAK,fpl_2019eq_gr_2020,7255106.08855946,,,
PAK,fpl_2019eq_gr_2021,,4918503.53124902,,
PAK,fpl_2019eq_gr_2022,,,3728187.55717039,
PAK,fpl_2019eq_gr_2023,,,,3239417.35169432
PAN,fpl_2019eq_fo_2020,454794.123251345,,,
PAN,fpl_2019eq_fo_2021,,478826.796613205,,
PAN,fpl_2019eq_fo_2022,,,521424.596402519,
PAN,fpl_2019eq_fo_2023,,,,547608.325666187
PAN,fpl_2019eq_gr_2020,496902.782588184,,,
PAN,fpl_2019eq_gr_2021,,455579.72324862,,
PAN,fpl_2019eq_gr_2022,,,430299.969428562,
PAN,fpl_2019eq_gr_2023,,,,428681.771541886
PER,fpl_2019eq_fo_2020,2195260.8,,,
PER,fpl_2019eq_fo_2021,,2314228.2,,
PER,fpl_2019eq_fo_2022,,,2537097.5,
PER,fpl_2019eq_fo_2023,,,,2753520
PER,fpl_2019eq_gr_2020,2774889.6,,,
PER,fpl_2019eq_gr_2021,,2297385.2,,
PER,fpl_2019eq_gr_2022,,,2199953,
PER,fpl_2019eq_gr_2023,,,,2223467.4
PHL,fpl_2019eq_fo_2020,8798260.8,,,
PHL,fpl_2019eq_fo_2021,,9327191.4,,
PHL,fpl_2019eq_fo_2022,,,9043370.1,
PHL,fpl_2019eq_fo_2023,,,,9743694.7
PHL,fpl_2019eq_gr_2020,12221025.6,,,
PHL,fpl_2019eq_gr_2021,,11364036.3,,
PHL,fpl_2019eq_gr_2022,,,9190141.4,
PHL,fpl_2019eq_gr_2023,,,,8117837.3
PLW,fpl_2019eq_fo_2020,238.793704459956,,,
PLW,fpl_2019eq_fo_2021,,245.714774598917,,
PLW,fpl_2019eq_fo_2022,,,263.823803146763,
PLW,fpl_2019eq_fo_2023,,,,277.786714245306
PLW,fpl_2019eq_gr_2020,274.550418665021,,,
PLW,fpl_2019eq_gr_2021,,282.352999930796,,
PLW,fpl_2019eq_gr_2022,,,241.9000727309,
PLW,fpl_2019eq_gr_2023,,,,219.74871624709
PNG,fpl_2019eq_fo_2020,1174921,,,
PNG,fpl_2019eq_fo_2021,,1189835.8,,
PNG,fpl_2019eq_fo_2022,,,1247971.2,
PNG,fpl_2019eq_fo_2023,,,,1339370.5
PNG,fpl_2019eq_gr_2020,1332511,,,
PNG,fpl_2019eq_gr_2021,,2010135.2,,
PNG,fpl_2019eq_gr_2022,,,1975651.2,
PNG,fpl_2019eq_gr_2023,,,,1959466.6
POL,fpl_2019eq_fo_2020,3453066.37375612,,,
POL,fpl_2019eq_fo_2021,,3640341.632277,,
POL,fpl_2019eq_fo_2022,,,3914026.067424,
POL,fpl_2019eq_fo_2023,,,,4117424.30354406
POL,fpl_2019eq_gr_2020,3421198.45170907,,,
POL,fpl_2019eq_gr_2021,,2817457.2420119,,
POL,fpl_2019eq_gr_2022,,,2460004.44795133,
POL,fpl_2019eq_gr_2023,,,,2318526.97440908
PRK,fpl_2019eq_fo_2020,280484.914406806,,,
PRK,fpl_2019eq_fo_2021,,289842.914346204,,
PRK,fpl_2019eq_fo_2022,,,298889.427765009,
PRK,fpl_2019eq_fo_2023,,,,315940.115562737
PRK,fpl_2019eq_gr_2020,322484.425851036,,,
PRK,fpl_2019eq_gr_2021,,333061.031872914,,
PRK,fpl_2019eq_gr_2022,,,274051.747615177,
PRK,fpl_2019eq_gr_2023,,,,249930.724709027
PRY,fpl_2019eq_fo_2020,218339.4,,,
PRY,fpl_2019eq_fo_2021,,264513,,
PRY,fpl_2019eq_fo_2022,,,294342.4,
PRY,fpl_2019eq_fo_2023,,,,297679.8
PRY,fpl_2019eq_gr_2020,265681.6,,,
PRY,fpl_2019eq_gr_2021,,233772.3,,
PRY,fpl_2019eq_gr_2022,,,222022.4,
PRY,fpl_2019eq_gr_2023,,,,211374.6
PSE,fpl_2019eq_fo_2020,129856.8,,,
PSE,fpl_2019eq_fo_2021,,133224,,
PSE,fpl_2019eq_fo_2022,,,144480,
PSE,fpl_2019eq_fo_2023,,,,148092
PSE,fpl_2019eq_gr_2020,241618.8,,,
PSE,fpl_2019eq_gr_2021,,213486,,
PSE,fpl_2019eq_gr_2022,,,122640,
PSE,fpl_2019eq_gr_2023,,,,125706
ROU,fpl_2019eq_fo_2020,420719.6,,,
ROU,fpl_2019eq_fo_2021,,416772,,
ROU,fpl_2019eq_fo_2022,,,416683.4,
ROU,fpl_2019eq_fo_2023,,,,418509
ROU,fpl_2019eq_gr_2020,422658.4,,,
ROU,fpl_2019eq_gr_2021,,372393.5,,
ROU,fpl_2019eq_gr_2022,,,326434,
ROU,fpl_2019eq_gr_2023,,,,319137
RUS,fpl_2019eq_fo_2020,4026036,,,
RUS,fpl_2019eq_fo_2021,,4452716,,
RUS,fpl_2019eq_fo_2022,,,4819617.6,
RUS,fpl_2019eq_fo_2023,,,,4654130
RUS,fpl_2019eq_gr_2020,4874379.3,,,
RUS,fpl_2019eq_gr_2021,,3260537.2,,
RUS,fpl_2019eq_gr_2022,,,3485616.3,
RUS,fpl_2019eq_gr_2023,,,,3179128.8
RWA,fpl_2019eq_fo_2020,1184373.5,,,
RWA,fpl_2019eq_fo_2021,,1085036.9,,
RWA,fpl_2019eq_fo_2022,,,1476252,
RWA,fpl_2019eq_fo_2023,,,,2014572.3
RWA,fpl_2019eq_gr_2020,1308700,,,
RWA,fpl_2019eq_gr_2021,,1101091.7,,
RWA,fpl_2019eq_gr_2022,,,820140,
RWA,fpl_2019eq_gr_2023,,,,725972
SDN,fpl_2019eq_fo_2020,15975192.9,,,
SDN,fpl_2019eq_fo_2021,,6127078.2,,
SDN,fpl_2019eq_fo_2022,,,3370224.6,
SDN,fpl_2019eq_fo_2023,,,,2637320.4
SDN,fpl_2019eq_gr_2020,18139180.6,,,
SDN,fpl_2019eq_gr_2021,,19741321.1,,
SDN,fpl_2019eq_gr_2022,,,21079887.2,
SDN,fpl_2019eq_gr_2023,,,,27864879.9
SEN,fpl_2019eq_fo_2020,493640,,,
SEN,fpl_2019eq_fo_2021,,517525.9,,
SEN,fpl_2019eq_fo_2022,,,632806.8,
SEN,fpl_2019eq_fo_2023,,,,641941.5
SEN,fpl_2019eq_gr_2020,478160,,,
SEN,fpl_2019eq_gr_2021,,468069.5,,
SEN,fpl_2019eq_gr_2022,,,440607.6,
SEN,fpl_2019eq_gr_2023,,,,442846.6
SLB,fpl_2019eq_fo_2020,31428,,,
SLB,fpl_2019eq_fo_2021,,29568,,
SLB,fpl_2019eq_fo_2022,,,33264,
SLB,fpl_2019eq_fo_2023,,,,35978.4
SLB,fpl_2019eq_gr_2020,56764.8,,,
SLB,fpl_2019eq_gr_2021,,61050,,
SLB,fpl_2019eq_gr_2022,,,72710.4,
SLB,fpl_2019eq_gr_2023,,,,74008.8
SLE,fpl_2019eq_fo_2020,2174299.4,,,
SLE,fpl_2019eq_fo_2021,,2484648.6,,
SLE,fpl_2019eq_fo_2022,,,2668593.6,
SLE,fpl_2019eq_fo_2023,,,,2839028.4
SLE,fpl_2019eq_gr_2020,2010140.6,,,
SLE,fpl_2019eq_gr_2021,,875292.6,,
SLE,fpl_2019eq_gr_2022,,,836762.4,
SLE,fpl_2019eq_gr_2023,,,,835309.8
SLV,fpl_2019eq_fo_2020,263088,,,
SLV,fpl_2019eq_fo_2021,,256612.2,,
SLV,fpl_2019eq_fo_2022,,,290642.4,
SLV,fpl_2019eq_fo_2023,,,,317059.6
SLV,fpl_2019eq_gr_2020,313632,,,
SLV,fpl_2019eq_gr_2021,,207113.4,,
SLV,fpl_2019eq_gr_2022,,,198998.4,
SLV,fpl_2019eq_gr_2023,,,,192077.6
SOM,fpl_2019eq_fo_2020,4483771.97995373,,,
SOM,fpl_2019eq_fo_2021,,4626759.53431387,,
SOM,fpl_2019eq_fo_2022,,,4935831.88709675,
SOM,fpl_2019eq_fo_2023,,,,5162252.80299247
SOM,fpl_2019eq_gr_2020,4543736.73046506,,,
SOM,fpl_2019eq_gr_2021,,4313389.54125301,,
SOM,fpl_2019eq_gr_2022,,,4378126.39396281,
SOM,fpl_2019eq_gr_2023,,,,4501921.35059372
SRB,fpl_2019eq_fo_2020,377753.6,,,
SRB,fpl_2019eq_fo_2021,,376451.6,,
SRB,fpl_2019eq_fo_2022,,,487408.8,
SRB,fpl_2019eq_fo_2023,,,,534618.9
SRB,fpl_2019eq_gr_2020,377753.6,,,
SRB,fpl_2019eq_gr_2021,,266291.8,,
SRB,fpl_2019eq_gr_2022,,,248889.6,
SRB,fpl_2019eq_gr_2023,,,,213503.2
SSD,fpl_2019eq_fo_2020,9335099,,,
SSD,fpl_2019eq_fo_2021,,10047731.7,,
SSD,fpl_2019eq_fo_2022,,,10175822.6,
SSD,fpl_2019eq_fo_2023,,,,9884526.4
SSD,fpl_2019eq_gr_2020,10019682,,,
SSD,fpl_2019eq_gr_2021,,10174776.8,,
SSD,fpl_2019eq_gr_2022,,,10540829.6,
SSD,fpl_2019eq_gr_2023,,,,10779518.4
STP,fpl_2019eq_fo_2020,18268.4,,,
STP,fpl_2019eq_fo_2021,,19244.9,,
STP,fpl_2019eq_fo_2022,,,21088.3,
STP,fpl_2019eq_fo_2023,,,,23253.4
STP,fpl_2019eq_gr_2020,16786,,,
STP,fpl_2019eq_gr_2021,,17460.9,,
STP,fpl_2019eq_gr_2022,,,18364.3,
STP,fpl_2019eq_gr_2023,,,,19944.8
SUR,fpl_2019eq_fo_2020,113634.8,,,
SUR,fpl_2019eq_fo_2021,,114617.8,,
SUR,fpl_2019eq_fo_2022,,,115404.2,
SUR,fpl_2019eq_fo_2023,,,,116190.6
SUR,fpl_2019eq_gr_2020,127275.6,,,
SUR,fpl_2019eq_gr_2021,,130067.3,,
SUR,fpl_2019eq_gr_2022,,,130959.7,
SUR,fpl_2019eq_gr_2023,,,,131852.1
SVK,fpl_2019eq_fo_2020,496168.407076889,,,
SVK,fpl_2019eq_fo_2021,,524322.312464776,,
SVK,fpl_2019eq_fo_2022,,,565206.064159953,
SVK,fpl_2019eq_fo_2023,,,,596066.820321175
SVK,fpl_2019eq_gr_2020,491589.330277464,,,
SVK,fpl_2019eq_gr_2021,,405801.390535509,,
SVK,fpl_2019eq_gr_2022,,,355237.652455811,
SVK,fpl_2019eq_gr_2023,,,,335646.000893165
SVN,fpl_2019eq_fo_2020,189475.903069347,,,
SVN,fpl_2019eq_fo_2021,,200263.998266678,,
SVN,fpl_2019eq_fo_2022,,,215815.379727865,
SVN,fpl_2019eq_fo_2023,,,,227615.01491978
SVN,fpl_2019eq_gr_2020,187727.253418503,,,
SVN,fpl_2019eq_gr_2021,,154995.137606848,,
SVN,fpl_2019eq_gr_2022,,,135642.120139549,
SVN,fpl_2019eq_gr_2023,,,,128170.310603595
SWZ,fpl_2019eq_fo_2020,595458.2,,,
SWZ,fpl_2019eq_fo_2021,,597781.8,,
SWZ,fpl_2019eq_fo_2022,,,601384.2,
SWZ,fpl_2019eq_fo_2023,,,,607070.7
SWZ,fpl_2019eq_gr_2020,596609.4,,,
SWZ,fpl_2019eq_gr_2021,,592807.6,,
SWZ,fpl_2019eq_gr_2022,,,588307.4,
SWZ,fpl_2019eq_gr_2023,,,,589566.3
SYC,fpl_2019eq_fo_2020,26727.2344039465,,,
SYC,fpl_2019eq_fo_2021,,27053.8112501323,,
SYC,fpl_2019eq_fo_2022,,,28018.2404639738,
SYC,fpl_2019eq_fo_2023,,,,28447.8196733479
SYC,fpl_2019eq_gr_2020,27084.6771887393,,,
SYC,fpl_2019eq_gr_2021,,25221.4591296366,,
SYC,fpl_2019eq_gr_2022,,,24852.4262765913,
SYC,fpl_2019eq_gr_2023,,,,24808.9064315186
SYR,fpl_2019eq_fo_2020,5361169.2,,,
SYR,fpl_2019eq_fo_2021,,4620573.3,,
SYR,fpl_2019eq_fo_2022,,,4197781.7,
SYR,fpl_2019eq_fo_2023,,,,4221985
SYR,fpl_2019eq_gr_2020,14274373.2,,,
SYR,fpl_2019eq_gr_2021,,14774474.1,,
SYR,fpl_2019eq_gr_2022,,,15438258.1,
SYR,fpl_2019eq_gr_2023,,,,16179265
TCD,fpl_2019eq_fo_2020,2195218,,,
TCD,fpl_2019eq_fo_2021,,2198022.6,,
TCD,fpl_2019eq_fo_2022,,,2641740.5,
TCD,fpl_2019eq_fo_2023,,,,2956041
TCD,fpl_2019eq_gr_2020,2035625,,,
TCD,fpl_2019eq_gr_2021,,2234907.8,,
TCD,fpl_2019eq_gr_2022,,,2381190,
TCD,fpl_2019eq_gr_2023,,,,2366608.2
TGO,fpl_2019eq_fo_2020,2106899.2,,,
TGO,fpl_2019eq_fo_2021,,2347139,,
TGO,fpl_2019eq_fo_2022,,,2526262.5,
TGO,fpl_2019eq_fo_2023,,,,2514442.8
TGO,fpl_2019eq_gr_2020,2718931.2,,,
TGO,fpl_2019eq_gr_2021,,2485357.5,,
TGO,fpl_2019eq_gr_2022,,,2597437.2,
TGO,fpl_2019eq_gr_2023,,,,2580991
THA,fpl_2019eq_fo_2020,1728333.9,,,
THA,fpl_2019eq_fo_2021,,1591504.2,,
THA,fpl_2019eq_fo_2022,,,1655694.6,
THA,fpl_2019eq_fo_2023,,,,1782297.6
THA,fpl_2019eq_gr_2020,1617276.3,,,
THA,fpl_2019eq_gr_2021,,1570654.8,,
THA,fpl_2019eq_gr_2022,,,1147855.5,
THA,fpl_2019eq_gr_2023,,,,967731.9
TJK,fpl_2019eq_fo_2020,715362.5,,,
TJK,fpl_2019eq_fo_2021,,762824,,
TJK,fpl_2019eq_fo_2022,,,799666.8,
TJK,fpl_2019eq_fo_2023,,,,818062.1
TJK,fpl_2019eq_gr_2020,637667.5,,,
TJK,fpl_2019eq_gr_2021,,611224.8,,
TJK,fpl_2019eq_gr_2022,,,545898,
TJK,fpl_2019eq_gr_2023,,,,505656.5
TKM,fpl_2019eq_fo_2020,548861.273492428,,,
TKM,fpl_2019eq_fo_2021,,588383.706722993,,
TKM,fpl_2019eq_fo_2022,,,642883.007656431,
TKM,fpl_2019eq_fo_2023,,,,687112.826289087
TKM,fpl_2019eq_gr_2020,543795.900752639,,,
TKM,fpl_2019eq_gr_2021,,455381.967695048,,
TKM,fpl_2019eq_gr_2022,,,404058.386710747,
TKM,fpl_2019eq_gr_2023,,,,386914.125134603
TLS,fpl_2019eq_fo_2020,291602,,,
TLS,fpl_2019eq_fo_2021,,315217.4,,
TLS,fpl_2019eq_fo_2022,,,417745.9,
TLS,fpl_2019eq_fo_2023,,,,329952
TLS,fpl_2019eq_gr_2020,328777.8,,,
TLS,fpl_2019eq_gr_2021,,392822.4,,
TLS,fpl_2019eq_gr_2022,,,255921.6,
TLS,fpl_2019eq_gr_2023,,,,930052.2
TON,fpl_2019eq_fo_2020,3996,,,
TON,fpl_2019eq_fo_2021,,4144,,
TON,fpl_2019eq_fo_2022,,,4135.8,
TON,fpl_2019eq_fo_2023,,,,4294
TON,fpl_2019eq_gr_2020,4218,,,
TON,fpl_2019eq_gr_2021,,2923.2,,
TON,fpl_2019eq_gr_2022,,,3277,
TON,fpl_2019eq_gr_2023,,,,2745.9
TTO,fpl_2019eq_fo_2020,146085.385044371,,,
TTO,fpl_2019eq_fo_2021,,151833.864734886,,
TTO,fpl_2019eq_fo_2022,,,163019.017452532,
TTO,fpl_2019eq_fo_2023,,,,168993.764859219
TTO,fpl_2019eq_gr_2020,159611.196831356,,,
TTO,fpl_2019eq_gr_2021,,144462.320331594,,
TTO,fpl_2019eq_gr_2022,,,134529.668738427,
TTO,fpl_2019eq_gr_2023,,,,132292.631619965
TUN,fpl_2019eq_fo_2020,23806,,,
TUN,fpl_2019eq_fo_2021,,24038,,
TUN,fpl_2019eq_fo_2022,,,29109.6,
TUN,fpl_2019eq_fo_2023,,,,31811
TUN,fpl_2019eq_gr_2020,32138.1,,,
TUN,fpl_2019eq_gr_2021,,31249.4,,
TUN,fpl_2019eq_gr_2022,,,26683.8,
TUN,fpl_2019eq_gr_2023,,,,25693.5
TUR,fpl_2019eq_fo_2020,6656499,,,
TUR,fpl_2019eq_fo_2021,,7420329.2,,
TUR,fpl_2019eq_fo_2022,,,8867481.7,
TUR,fpl_2019eq_fo_2023,,,,10504692
TUR,fpl_2019eq_gr_2020,6002586,,,
TUR,fpl_2019eq_gr_2021,,4453887.8,,
TUR,fpl_2019eq_gr_2022,,,2516562.4,
TUR,fpl_2019eq_gr_2023,,,,2280286.8
TUV,fpl_2019eq_fo_2020,119.396852229978,,,
TUV,fpl_2019eq_fo_2021,,134.026240690318,,
TUV,fpl_2019eq_fo_2022,,,137.64720164179,
TUV,fpl_2019eq_fo_2023,,,,144.932198736681
TUV,fpl_2019eq_gr_2020,137.27520933251,,,
TUV,fpl_2019eq_gr_2021,,154.01072723498,,
TUV,fpl_2019eq_gr_2022,,,126.208733598731,
TUV,fpl_2019eq_gr_2023,,,,114.651504128916
TZA,fpl_2019eq_fo_2020,11569248.2,,,
TZA,fpl_2019eq_fo_2021,,11919418.2,,
TZA,fpl_2019eq_fo_2022,,,13202498.4,
TZA,fpl_2019eq_fo_2023,,,,14897965.2
TZA,fpl_2019eq_gr_2020,12014943.6,,,
TZA,fpl_2019eq_gr_2021,,12546756,,
TZA,fpl_2019eq_gr_2022,,,12396493.2,
TZA,fpl_2019eq_gr_2023,,,,12126888.8
UGA,fpl_2019eq_fo_2020,9607476.8,,,
UGA,fpl_2019eq_fo_2021,,9749339.6,,
UGA,fpl_2019eq_fo_2022,,,11400136.7,
UGA,fpl_2019eq_fo_2023,,,,13266688
UGA,fpl_2019eq_gr_2020,10220920.8,,,
UGA,fpl_2019eq_gr_2021,,9958741,,
UGA,fpl_2019eq_gr_2022,,,10023478.5,
UGA,fpl_2019eq_gr_2023,,,,9955198.3
UKR,fpl_2019eq_fo_2020,0,,,
UKR,fpl_2019eq_fo_2021,,0,,
UKR,fpl_2019eq_fo_2022,,,0,
UKR,fpl_2019eq_fo_2023,,,,0
UKR,fpl_2019eq_gr_2020,0,,,
UKR,fpl_2019eq_gr_2021,,0,,
UKR,fpl_2019eq_gr_2022,,,0,
UKR,fpl_2019eq_gr_2023,,,,0
URY,fpl_2019eq_fo_2020,370514.093418053,,,
URY,fpl_2019eq_fo_2021,,385746.036058341,,
URY,fpl_2019eq_fo_2022,,,415580.364781165,
URY,fpl_2019eq_fo_2023,,,,431723.390603421
URY,fpl_2019eq_gr_2020,404819.399800863,,,
URY,fpl_2019eq_gr_2021,,367018.039914904,,
URY,fpl_2019eq_gr_2022,,,342953.170015786,
URY,fpl_2019eq_gr_2023,,,,337964.087150788
UZB,fpl_2019eq_fo_2020,21386722.5,,,
UZB,fpl_2019eq_fo_2021,,22204975.1,,
UZB,fpl_2019eq_fo_2022,,,23114508.3,
UZB,fpl_2019eq_fo_2023,,,,23824176
UZB,fpl_2019eq_gr_2020,20914785.5,,,
UZB,fpl_2019eq_gr_2021,,18984765.8,,
UZB,fpl_2019eq_gr_2022,,,17064356.4,
UZB,fpl_2019eq_gr_2023,,,,16487569.2
VCT,fpl_2019eq_fo_2020,11767.400391818,,,
VCT,fpl_2019eq_fo_2021,,12212.7239025886,,
VCT,fpl_2019eq_fo_2022,,,13112.3992298776,
VCT,fpl_2019eq_fo_2023,,,,13583.1338880328
VCT,fpl_2019eq_gr_2020,12856.9251438901,,,
VCT,fpl_2019eq_gr_2021,,11619.7953310195,,
VCT,fpl_2019eq_gr_2022,,,10820.8646593952,
VCT,fpl_2019eq_gr_2023,,,,10633.2238304244
VEN,fpl_2019eq_fo_2020,3516650.50267916,,,
VEN,fpl_2019eq_fo_2021,,3692313.5265493,,
VEN,fpl_2019eq_fo_2022,,,4009086.53210437,
VEN,fpl_2019eq_fo_2023,,,,4198656.81830895
VEN,fpl_2019eq_gr_2020,3842251.53939749,,,
VEN,fpl_2019eq_gr_2021,,3513051.45507822,,
VEN,fpl_2019eq_gr_2022,,,3308454.99829328,
VEN,fpl_2019eq_gr_2023,,,,3286815.70131255
VNM,fpl_2019eq_fo_2020,1091796,,,
VNM,fpl_2019eq_fo_2021,,1072267.2,,
VNM,fpl_2019eq_fo_2022,,,1082106,
VNM,fpl_2019eq_fo_2023,,,,1101826.5
VNM,fpl_2019eq_gr_2020,855732,,,
VNM,fpl_2019eq_gr_2021,,794272,,
VNM,fpl_2019eq_gr_2022,,,651267.5,
VNM,fpl_2019eq_gr_2023,,,,535750.5
VUT,fpl_2019eq_fo_2020,18845.4,,,
VUT,fpl_2019eq_fo_2021,,21330,,
VUT,fpl_2019eq_fo_2022,,,23225.4,
VUT,fpl_2019eq_fo_2023,,,,23836.8
VUT,fpl_2019eq_gr_2020,20785.8,,,
VUT,fpl_2019eq_gr_2021,,22410,,
VUT,fpl_2019eq_gr_2022,,,23684.4,
VUT,fpl_2019eq_gr_2023,,,,24710.4
WSM,fpl_2019eq_fo_2020,8520,,,
WSM,fpl_2019eq_fo_2021,,8605.2,,
WSM,fpl_2019eq_fo_2022,,,9804.9,
WSM,fpl_2019eq_fo_2023,,,,10526.4
WSM,fpl_2019eq_gr_2020,7380,,,
WSM,fpl_2019eq_gr_2021,,5009.6,,
WSM,fpl_2019eq_gr_2022,,,6374.2,
WSM,fpl_2019eq_gr_2023,,,,4651.2
YEM,fpl_2019eq_fo_2020,20763192.5,,,
YEM,fpl_2019eq_fo_2021,,20657821.3,,
YEM,fpl_2019eq_fo_2022,,,20268634.4,
YEM,fpl_2019eq_fo_2023,,,,20384719.7
YEM,fpl_2019eq_gr_2020,22505304.5,,,
YEM,fpl_2019eq_gr_2021,,23359442.7,,
YEM,fpl_2019eq_gr_2022,,,23893559.2,
YEM,fpl_2019eq_gr_2023,,,,24685402.3
ZAF,fpl_2019eq_fo_2020,15907518.9,,,
ZAF,fpl_2019eq_fo_2021,,16402825.8,,
ZAF,fpl_2019eq_fo_2022,,,17008866,
ZAF,fpl_2019eq_fo_2023,,,,18128750.1
ZAF,fpl_2019eq_gr_2020,17252229.8,,,
ZAF,fpl_2019eq_gr_2021,,16450318.6,,
ZAF,fpl_2019eq_gr_2022,,,16246916.8,
ZAF,fpl_2019eq_gr_2023,,,,16510436.4
ZMB,fpl_2019eq_fo_2020,7637843.1,,,
ZMB,fpl_2019eq_fo_2021,,8186416,,
ZMB,fpl_2019eq_fo_2022,,,8600442.9,
ZMB,fpl_2019eq_fo_2023,,,,8859755.6
ZMB,fpl_2019eq_gr_2020,7949782.4,,,
ZMB,fpl_2019eq_gr_2021,,8069082.5,,
ZMB,fpl_2019eq_gr_2022,,,8210323.8,
ZMB,fpl_2019eq_gr_2023,,,,8370491.6
ZWE,fpl_2019eq_fo_2020,9990968,,,
ZWE,fpl_2019eq_fo_2021,,10440486,,
ZWE,fpl_2019eq_fo_2022,,,12528621,
ZWE,fpl_2019eq_fo_2023,,,,13134053.4
ZWE,fpl_2019eq_gr_2020,9746984,,,
ZWE,fpl_2019eq_gr_2021,,9701832,,
ZWE,fpl_2019eq_gr_2022,,,9591447.6,
ZWE,fpl_2019eq_gr_2023,,,,9672277.4
